{"credit":"Made with Blockbench","texture_size":[32,32],"textures":{"0":"hats:hat/amongus_orange","particle":"hats:hat/amongus_orange"},"elements":[{"from":[7,1,10],"to":[10,6,11],"rotation":{"angle":0,"axis":"y","origin":[8.5,4.94444,7.05556]},"faces":{"north":{"uv":[4,5.5,5.5,8],"texture":"#0"},"east":{"uv":[3,7,3.5,9.5],"texture":"#0"},"south":{"uv":[5.5,5.5,7,8],"texture":"#0"},"west":{"uv":[3.5,7,4,9.5],"texture":"#0"},"up":{"uv":[6.5,3.5,5,3],"texture":"#0"},"down":{"uv":[10,5.5,8.5,6],"texture":"#0"}}},{"from":[6,0,6],"to":[11,7,10],"rotation":{"angle":0,"axis":"y","origin":[8.5,4.94444,7.05556]},"faces":{"north":{"uv":[0,0,2.5,3.5],"texture":"#0"},"east":{"uv":[0,3.5,2,7],"texture":"#0"},"south":{"uv":[2.5,0,5,3.5],"texture":"#0"},"west":{"uv":[2,3.5,4,7],"texture":"#0"},"up":{"uv":[6.5,5.5,4,3.5],"texture":"#0"},"down":{"uv":[7.5,0,5,2],"texture":"#0"}}},{"from":[6,7,7],"to":[11,8,9],"rotation":{"angle":0,"axis":"y","origin":[8.5,4.94444,7.05556]},"faces":{"north":{"uv":[8,3,10.5,3.5],"texture":"#0"},"east":{"uv":[7.5,9.5,8.5,10],"texture":"#0"},"south":{"uv":[8,3.5,10.5,4],"texture":"#0"},"west":{"uv":[9.5,7.5,10.5,8],"texture":"#0"},"up":{"uv":[9.5,7,7,6],"texture":"#0"},"down":{"uv":[9.5,7,7,8],"texture":"#0"}}},{"from":[7,7,6],"to":[10,8,10],"rotation":{"angle":0,"axis":"y","origin":[8.5,4.94444,7.05556]},"faces":{"north":{"uv":[9.5,4.5,11,5],"texture":"#0"},"east":{"uv":[4,8.5,6,9],"texture":"#0"},"south":{"uv":[9.5,5,11,5.5],"texture":"#0"},"west":{"uv":[8.5,4,10.5,4.5],"texture":"#0"},"up":{"uv":[8,4,6.5,2],"texture":"#0"},"down":{"uv":[1.5,7,0,9],"texture":"#0"}}},{"from":[7,8,7],"to":[10,9,9],"rotation":{"angle":0,"axis":"y","origin":[8.5,4.94444,7.05556]},"faces":{"north":{"uv":[6,9.5,7.5,10],"texture":"#0"},"east":{"uv":[0,10,1,10.5],"texture":"#0"},"south":{"uv":[9.5,6,11,6.5],"texture":"#0"},"west":{"uv":[10,0,11,0.5],"texture":"#0"},"up":{"uv":[6.5,3,5,2],"texture":"#0"},"down":{"uv":[9.5,2,8,3],"texture":"#0"}}},{"from":[6,0,4],"to":[8,2,6],"rotation":{"angle":0,"axis":"y","origin":[8.5,4.94444,7.05556]},"faces":{"north":{"uv":[8.5,4.5,9.5,5.5],"texture":"#0"},"east":{"uv":[6,8.5,7,9.5],"texture":"#0"},"south":{"uv":[7,8.5,8,9.5],"texture":"#0"},"west":{"uv":[8,8.5,9,9.5],"texture":"#0"},"up":{"uv":[1,10,0,9],"texture":"#0"},"down":{"uv":[2,9,1,10],"texture":"#0"}}},{"from":[9,0,4],"to":[11,2,6],"rotation":{"angle":0,"axis":"y","origin":[8.5,4.94444,7.05556]},"faces":{"north":{"uv":[2,9,3,10],"texture":"#0"},"east":{"uv":[4,9,5,10],"texture":"#0"},"south":{"uv":[5,9,6,10],"texture":"#0"},"west":{"uv":[9,8,10,9],"texture":"#0"},"up":{"uv":[10,10,9,9],"texture":"#0"},"down":{"uv":[10.5,2,9.5,3],"texture":"#0"}}},{"from":[6,5,5],"to":[11,7,6],"rotation":{"angle":0,"axis":"y","origin":[8.5,4.94444,7.05556]},"faces":{"north":{"uv":[7.5,0,10,1],"texture":"#0"},"east":{"uv":[6.5,4,7,5],"texture":"#0"},"south":{"uv":[7.5,1,10,2],"texture":"#0"},"west":{"uv":[8.5,9.5,9,10.5],"texture":"#0"},"up":{"uv":[6.5,8.5,4,8],"texture":"#0"},"down":{"uv":[9,8,6.5,8.5],"texture":"#0"}}},{"from":[7,4,5],"to":[10,8,6],"rotation":{"angle":0,"axis":"y","origin":[8.5,4.94444,7.05556]},"faces":{"north":{"uv":[1.5,7,3,9],"texture":"#0"},"east":{"uv":[3,9.5,3.5,11.5],"texture":"#0"},"south":{"uv":[7,4,8.5,6],"texture":"#0"},"west":{"uv":[3.5,9.5,4,11.5],"texture":"#0"},"up":{"uv":[11,7,9.5,6.5],"texture":"#0"},"down":{"uv":[11,7,9.5,7.5],"texture":"#0"}}}],"display":{"thirdperson_righthand":{"translation":[0,0,-2]},"firstperson_righthand":{"translation":[0,6.25,0]},"firstperson_lefthand":{"translation":[0,6.25,0]},"ground":{"translation":[0,2,0]},"gui":{"rotation":[0,-164,0],"translation":[1,3.5,0]},"head":{"translation":[-0.5,14.5,0]},"fixed":{"translation":[0,7,-5],"scale":[2,2,2]}}}