{"credit":"Made with Blockbench","texture_size":[32,32],"textures":{"0":"hats:hat/blockandballs","particle":"hats:hat/blockandballs"},"elements":[{"from":[4.5,0,5],"to":[7.5,3,8],"faces":{"north":{"uv":[0,6,1.5,7.5],"texture":"#0"},"east":{"uv":[6,0,7.5,1.5],"texture":"#0"},"south":{"uv":[6,5,7.5,6.5],"texture":"#0"},"west":{"uv":[6,6.5,7.5,8],"texture":"#0"},"up":{"uv":[3,8.5,1.5,7],"texture":"#0"},"down":{"uv":[8.5,1.5,7,3],"texture":"#0"}}},{"from":[8.5,0,5],"to":[11.5,3,8],"faces":{"north":{"uv":[3,7,4.5,8.5],"texture":"#0"},"east":{"uv":[7,3,8.5,4.5],"texture":"#0"},"south":{"uv":[4.5,7,6,8.5],"texture":"#0"},"west":{"uv":[0,7.5,1.5,9],"texture":"#0"},"up":{"uv":[9,1.5,7.5,0],"texture":"#0"},"down":{"uv":[9,4.5,7.5,6],"texture":"#0"}}},{"from":[6.5,0,8],"to":[9.5,6,11],"faces":{"north":{"uv":[4.5,0,6,2],"texture":"#0"},"east":{"uv":[1.5,5,3,7],"texture":"#0"},"south":{"uv":[3,5,4.5,7],"texture":"#0"},"west":{"uv":[4.5,5,6,7],"texture":"#0"},"up":{"uv":[9,7.5,7.5,6],"texture":"#0"},"down":{"uv":[9,7.5,7.5,9],"texture":"#0"}}},{"from":[6.5,6,8.5],"to":[9.5,10,11.5],"faces":{"north":{"uv":[0,0,1.5,3],"texture":"#0"},"east":{"uv":[1.5,0,3,3],"texture":"#0"},"south":{"uv":[0,3,1.5,6],"texture":"#0"},"west":{"uv":[3,0,4.5,3],"texture":"#0"},"up":{"uv":[7.5,9.5,6,8],"texture":"#0"},"down":{"uv":[3,8.5,1.5,10],"texture":"#0"}}},{"from":[6.25,10,8.25],"to":[9.75,12,11.75],"faces":{"north":{"uv":[8.5,1.5,10.5,2.5],"texture":"#0"},"east":{"uv":[8.5,2.5,10.5,3.5],"texture":"#0"},"south":{"uv":[3,8.5,5,9.5],"texture":"#0"},"west":{"uv":[8.5,3.5,10.5,4.5],"texture":"#0"},"up":{"uv":[3.5,5,1.5,3],"texture":"#0"},"down":{"uv":[5.5,3,3.5,5],"texture":"#0"}}},{"from":[6.75,12,9],"to":[9.25,12.5,11.5],"faces":{"north":{"uv":[0,9,1.5,9.5],"texture":"#0"},"east":{"uv":[9,0,10.5,0.5],"texture":"#0"},"south":{"uv":[9,0.5,10.5,1],"texture":"#0"},"west":{"uv":[9,1,10.5,1.5],"texture":"#0"},"up":{"uv":[7,3.5,5.5,2],"texture":"#0"},"down":{"uv":[7,3.5,5.5,5],"texture":"#0"}}}],"display":{"thirdperson_righthand":{"translation":[-6,1.75,0]},"thirdperson_lefthand":{"translation":[0,6.25,0]},"firstperson_righthand":{"rotation":[-44,0,0],"translation":[-9,0.5,-9.25]},"firstperson_lefthand":{"rotation":[-44,0,0],"translation":[-9,0.5,-9.25]},"ground":{"translation":[0,2,0],"scale":[0.65,0.65,0.65]},"gui":{"rotation":[104,180,-54],"translation":[-1.75,-1,0]},"head":{"rotation":[-60,0,0],"translation":[0,7,-12.5]},"fixed":{"rotation":[-90,0,0],"translation":[0,-2.5,-15],"scale":[2,2,2]}}}