{"parent":"minecraft:item/handheld","textures":{"layer0":"minecraft:item/diamond_sword"},"overrides":[{"predicate":{"custom_model_data":10000},"model":"discordnitroset:hammer"},{"predicate":{"custom_model_data":10001},"model":"discordnitroset:spear"},{"predicate":{"custom_model_data":10002},"model":"discordnitroset:sword"},{"predicate":{"custom_model_data":10003},"model":"discordnitroset:scythe"},{"predicate":{"custom_model_data":10004},"model":"discordnitroset:staff"},{"predicate":{"custom_model_data":10005},"model":"discordnitroset:greatsword"},{"predicate":{"custom_model_data":10006},"model":"discordnitroset:trident"},{"predicate":{"custom_model_data":10007},"model":"item/diamond_sword"}]}