{"parent":"minecraft:item/generated","textures":{"layer0":"minecraft:item/echo_shard"},"overrides":[{"predicate":{"custom_model_data":-1},"model":"gendrops:50_warden"},{"predicate":{"custom_model_data":10000},"model":"hats:hat/blockandballs"},{"predicate":{"custom_model_data":10001},"model":"hats:hat/quest"},{"predicate":{"custom_model_data":10002},"model":"hats:hat/unicorn_hat"},{"predicate":{"custom_model_data":10003},"model":"hats:hat/shark"},{"predicate":{"custom_model_data":10004},"model":"thunderboltset:helmet"},{"predicate":{"custom_model_data":10005},"model":"item/echo_shard"}]}