{"parent":"item/handheld_rod","textures":{"layer0":"item/fishing_rod"},"overrides":[{"predicate":{"cast":1},"model":"item/fishing_rod_cast"},{"predicate":{"custom_model_data":10000},"model":"littlecatset:fishing_rod"},{"predicate":{"cast":1,"custom_model_data":10000},"model":"littlecatset:fishing_rod_cast"},{"predicate":{"custom_model_data":10001},"model":"littledragonset:fishing_rod"},{"predicate":{"cast":1,"custom_model_data":10001},"model":"littledragonset:fishing_rod_cast"},{"predicate":{"custom_model_data":10002},"model":"nexusset:fishing_rod"},{"predicate":{"cast":1,"custom_model_data":10002},"model":"nexusset:fishing_rod_cast"},{"predicate":{"custom_model_data":10003},"model":"discordnitroset:fishing_rod"},{"predicate":{"cast":1,"custom_model_data":10003},"model":"discordnitroset:fishing_rod_cast"},{"predicate":{"custom_model_data":10004},"model":"thunderboltset:fishing_rod"},{"predicate":{"cast":1,"custom_model_data":10004},"model":"thunderboltset:fishing_rod_cast"},{"predicate":{"custom_model_data":10005},"model":"littleduckset:fishing_rod"},{"predicate":{"cast":1,"custom_model_data":10005},"model":"littleduckset:fishing_rod_cast"},{"predicate":{"custom_model_data":10006},"model":"infernoset:fishing_rod"},{"predicate":{"cast":1,"custom_model_data":10006},"model":"infernoset:fishing_rod_cast"},{"predicate":{"custom_model_data":10007},"model":"item/fishing_rod"}]}