{"parent":"minecraft:item/handheld","textures":{"layer0":"minecraft:item/iron_sword"},"overrides":[{"predicate":{"custom_model_data":10000},"model":"littlecatset:sword"},{"predicate":{"custom_model_data":10001},"model":"littlecatset:hammer"},{"predicate":{"custom_model_data":10002},"model":"littlecatset:spear"},{"predicate":{"custom_model_data":10003},"model":"littlecatset:staff"},{"predicate":{"custom_model_data":10004},"model":"littledragonset:greatsword"},{"predicate":{"custom_model_data":10005},"model":"littledragonset:hammer"},{"predicate":{"custom_model_data":10006},"model":"littledragonset:scythe"},{"predicate":{"custom_model_data":10007},"model":"littledragonset:spear"},{"predicate":{"custom_model_data":10008},"model":"littledragonset:staff"},{"predicate":{"custom_model_data":10009},"model":"littledragonset:sword"},{"predicate":{"custom_model_data":10010},"model":"littledragonset:trident"},{"predicate":{"custom_model_data":10011},"model":"nexusset:hammer"},{"predicate":{"custom_model_data":10012},"model":"nexusset:spear"},{"predicate":{"custom_model_data":10013},"model":"nexusset:sword"},{"predicate":{"custom_model_data":10014},"model":"nexusset:scythe"},{"predicate":{"custom_model_data":10015},"model":"nexusset:staff"},{"predicate":{"custom_model_data":10016},"model":"nexusset:greatsword"},{"predicate":{"custom_model_data":10017},"model":"nexusset:trident"},{"predicate":{"custom_model_data":10018},"model":"thunderboltset:hammer"},{"predicate":{"custom_model_data":10019},"model":"thunderboltset:spear"},{"predicate":{"custom_model_data":10020},"model":"thunderboltset:sword"},{"predicate":{"custom_model_data":10021},"model":"thunderboltset:scythe"},{"predicate":{"custom_model_data":10022},"model":"infernoset:knife"},{"predicate":{"custom_model_data":10023},"model":"infernoset:hammer"},{"predicate":{"custom_model_data":10024},"model":"infernoset:scythe"},{"predicate":{"custom_model_data":10025},"model":"infernoset:spear"},{"predicate":{"custom_model_data":10026},"model":"infernoset:staff"},{"predicate":{"custom_model_data":10027},"model":"infernoset:sword"},{"predicate":{"custom_model_data":10028},"model":"infernoset:trident"},{"predicate":{"custom_model_data":10029},"model":"item/iron_sword"}]}