{"parent":"minecraft:item/handheld","textures":{"layer0":"minecraft:item/iron_shovel"},"overrides":[{"predicate":{"custom_model_data":10000},"model":"littlecatset:shovel"},{"predicate":{"custom_model_data":10001},"model":"littledragonset:shovel"},{"predicate":{"custom_model_data":10002},"model":"nexusset:shovel"},{"predicate":{"custom_model_data":10003},"model":"thunderboltset:shovel"},{"predicate":{"custom_model_data":10004},"model":"infernoset:shovel"},{"predicate":{"custom_model_data":10005},"model":"item/iron_shovel"}]}