{"parent":"minecraft:item/handheld","textures":{"layer0":"minecraft:item/iron_pickaxe"},"overrides":[{"predicate":{"custom_model_data":10000},"model":"littlecatset:pickaxe"},{"predicate":{"custom_model_data":10001},"model":"littledragonset:pickaxe"},{"predicate":{"custom_model_data":10002},"model":"nexusset:pickaxe"},{"predicate":{"custom_model_data":10003},"model":"thunderboltset:pickaxe"},{"predicate":{"custom_model_data":10004},"model":"infernoset:pickaxe"},{"predicate":{"custom_model_data":10005},"model":"item/iron_pickaxe"}]}