{"parent":"item/generated","textures":{"layer0":"item/leather_boots","layer1":"item/leather_boots_overlay"},"overrides":[{"predicate":{"custom_model_data":10000},"model":"littledragonset:ia_auto_gen/littledragonboots"},{"predicate":{"custom_model_data":10001},"model":"discordnitroset:ia_auto_gen/discordnitroboots"},{"predicate":{"custom_model_data":10002},"model":"thunderboltset:ia_auto_gen/thunderboltboots"},{"predicate":{"custom_model_data":10003},"model":"nexusset:ia_auto_gen/nexussetboots"},{"predicate":{"custom_model_data":10004},"model":"infernoset:ia_auto_gen/infernoboots"},{"predicate":{"custom_model_data":10005},"model":"item/leather_boots"}]}