{"parent":"item/generated","textures":{"layer0":"item/leather_helmet","layer1":"item/leather_helmet_overlay"},"overrides":[{"predicate":{"custom_model_data":10000},"model":"littledragonset:ia_auto_gen/littledragonhelmet"},{"predicate":{"custom_model_data":10001},"model":"discordnitroset:ia_auto_gen/discordnitro_helmet_icon"},{"predicate":{"custom_model_data":10002},"model":"nexusset:ia_auto_gen/nexus_helmet_icon"},{"predicate":{"custom_model_data":10003},"model":"infernoset:ia_auto_gen/infernohelmet"},{"predicate":{"custom_model_data":10004},"model":"item/leather_helmet"}]}