{"parent":"item/generated","textures":{"layer0":"item/leather_chestplate","layer1":"item/leather_chestplate_overlay"},"overrides":[{"predicate":{"custom_model_data":10000},"model":"littledragonset:ia_auto_gen/littledragonchestplate"},{"predicate":{"custom_model_data":10001},"model":"discordnitroset:ia_auto_gen/discordnitrochestplate"},{"predicate":{"custom_model_data":10002},"model":"thunderboltset:ia_auto_gen/thunderboltchestplate"},{"predicate":{"custom_model_data":10003},"model":"nexusset:ia_auto_gen/nexussetplate"},{"predicate":{"custom_model_data":10004},"model":"infernoset:ia_auto_gen/infernochestplate"},{"predicate":{"custom_model_data":10005},"model":"item/leather_chestplate"}]}