{"parent":"item/generated","textures":{"layer0":"item/leather_leggings","layer1":"item/leather_leggings_overlay"},"overrides":[{"predicate":{"custom_model_data":10000},"model":"littledragonset:ia_auto_gen/littledragonleggings"},{"predicate":{"custom_model_data":10001},"model":"discordnitroset:ia_auto_gen/discordnitroleggings"},{"predicate":{"custom_model_data":10002},"model":"thunderboltset:ia_auto_gen/thunderboltleggings"},{"predicate":{"custom_model_data":10003},"model":"nexusset:ia_auto_gen/nexussetleggings"},{"predicate":{"custom_model_data":10004},"model":"infernoset:ia_auto_gen/infernoleggings"},{"predicate":{"custom_model_data":10005},"model":"item/leather_leggings"}]}