{"parent":"minecraft:item/generated","textures":{"layer0":"minecraft:item/name_tag"},"overrides":[{"predicate":{"custom_model_data":500},"model":"badges:ia_auto_gen/p1_item"},{"predicate":{"custom_model_data":501},"model":"badges:ia_auto_gen/p5_item"},{"predicate":{"custom_model_data":502},"model":"badges:ia_auto_gen/p10_item"},{"predicate":{"custom_model_data":503},"model":"badges:ia_auto_gen/p20_item"},{"predicate":{"custom_model_data":504},"model":"badges:ia_auto_gen/p30_item"},{"predicate":{"custom_model_data":505},"model":"badges:ia_auto_gen/p40_item"},{"predicate":{"custom_model_data":506},"model":"badges:ia_auto_gen/p50_item"},{"predicate":{"custom_model_data":507},"model":"badges:ia_auto_gen/p60_item"},{"predicate":{"custom_model_data":508},"model":"badges:ia_auto_gen/p70_item"},{"predicate":{"custom_model_data":509},"model":"badges:ia_auto_gen/p80_item"},{"predicate":{"custom_model_data":510},"model":"badges:ia_auto_gen/p90_item"},{"predicate":{"custom_model_data":511},"model":"badges:ia_auto_gen/p100_item"},{"predicate":{"custom_model_data":10100},"model":"pepetags:ia_auto_gen/pblazed"},{"predicate":{"custom_model_data":10101},"model":"pepetags:ia_auto_gen/pbored"},{"predicate":{"custom_model_data":10102},"model":"pepetags:ia_auto_gen/pcringe"},{"predicate":{"custom_model_data":10103},"model":"pepetags:ia_auto_gen/pcross"},{"predicate":{"custom_model_data":10104},"model":"pepetags:ia_auto_gen/pcry"},{"predicate":{"custom_model_data":10105},"model":"pepetags:ia_auto_gen/pdab"},{"predicate":{"custom_model_data":10106},"model":"pepetags:ia_auto_gen/pderp"},{"predicate":{"custom_model_data":10107},"model":"pepetags:ia_auto_gen/pfuckyou"},{"predicate":{"custom_model_data":10108},"model":"pepetags:ia_auto_gen/pgiggle"},{"predicate":{"custom_model_data":10109},"model":"pepetags:ia_auto_gen/pking"},{"predicate":{"custom_model_data":10110},"model":"pepetags:ia_auto_gen/pmining"},{"predicate":{"custom_model_data":10111},"model":"pepetags:ia_auto_gen/pmoney"},{"predicate":{"custom_model_data":10112},"model":"pepetags:ia_auto_gen/pnerd"},{"predicate":{"custom_model_data":10113},"model":"pepetags:ia_auto_gen/ppeace"},{"predicate":{"custom_model_data":10114},"model":"pepetags:ia_auto_gen/ppenis"},{"predicate":{"custom_model_data":10115},"model":"pepetags:ia_auto_gen/ppissed"},{"predicate":{"custom_model_data":10116},"model":"pepetags:ia_auto_gen/prifle"},{"predicate":{"custom_model_data":10117},"model":"pepetags:ia_auto_gen/psadge"},{"predicate":{"custom_model_data":10118},"model":"pepetags:ia_auto_gen/pselfie"},{"predicate":{"custom_model_data":10119},"model":"pepetags:ia_auto_gen/psheesh"},{"predicate":{"custom_model_data":10120},"model":"pepetags:ia_auto_gen/pshy"},{"predicate":{"custom_model_data":10121},"model":"pepetags:ia_auto_gen/psip"},{"predicate":{"custom_model_data":10122},"model":"pepetags:ia_auto_gen/pthink"},{"predicate":{"custom_model_data":10123},"model":"pepetags:ia_auto_gen/ptrollface"},{"predicate":{"custom_model_data":10124},"model":"pepetags:ia_auto_gen/puwu"},{"predicate":{"custom_model_data":10125},"model":"pepetags:ia_auto_gen/pwalltalk"},{"predicate":{"custom_model_data":10126},"model":"item/name_tag"}]}