{"parent":"minecraft:item/handheld","textures":{"layer0":"minecraft:item/netherite_hoe"},"overrides":[{"predicate":{"custom_model_data":10001},"model":"hoes:netherite"},{"predicate":{"custom_model_data":10002},"model":"littleduckset:hoe"},{"predicate":{"custom_model_data":10003},"model":"hoes:bluesaber"},{"predicate":{"custom_model_data":10004},"model":"hoes:redsaber"},{"predicate":{"custom_model_data":10005},"model":"hoes:pinksaber"},{"predicate":{"custom_model_data":10006},"model":"hoes:greensaber"},{"predicate":{"custom_model_data":10007},"model":"hoes:whitesaber"},{"predicate":{"custom_model_data":10008},"model":"hoes:graysaber"},{"predicate":{"custom_model_data":10009},"model":"hoes:blacksaber"},{"predicate":{"custom_model_data":10010},"model":"item/netherite_hoe"}]}