{"parent":"minecraft:item/generated","textures":{"layer0":"minecraft:item/paper"},"overrides":[{"predicate":{"custom_model_data":10000},"model":"_iainternal:ia_auto_gen/icon_left_blue"},{"predicate":{"custom_model_data":10001},"model":"_iainternal:ia_auto_gen/icon_right_blue"},{"predicate":{"custom_model_data":10002},"model":"_iainternal:ia_auto_gen/icon_search"},{"predicate":{"custom_model_data":10003},"model":"_iainternal:ia_auto_gen/icon_cancel"},{"predicate":{"custom_model_data":10004},"model":"_iainternal:ia_auto_gen/icon_arrow_chest"},{"predicate":{"custom_model_data":10005},"model":"_iainternal:ia_auto_gen/icon_back_orange"},{"predicate":{"custom_model_data":10006},"model":"_iainternal:ia_auto_gen/icon_next_orange"},{"predicate":{"custom_model_data":10007},"model":"littlecatset:headset"},{"predicate":{"custom_model_data":10008},"model":"littlecatset:hood"},{"predicate":{"custom_model_data":10009},"model":"littlecatset:backpack"},{"predicate":{"custom_model_data":10010},"model":"littlecatset:tail"},{"predicate":{"custom_model_data":10011},"model":"littlecatset:flag"},{"predicate":{"custom_model_data":10012},"model":"littledragonset:backpack"},{"predicate":{"custom_model_data":10013},"model":"littledragonset:helmet"},{"predicate":{"custom_model_data":10014},"model":"littledragonset:little_dragon"},{"predicate":{"custom_model_data":10015},"model":"littledragonset:wings"},{"predicate":{"custom_model_data":10016},"model":"nexusset:chest"},{"predicate":{"custom_model_data":10017},"model":"nexusset:chest_opening"},{"predicate":{"custom_model_data":10018},"model":"nexusset:helmet"},{"predicate":{"custom_model_data":10019},"model":"nexusset:key"},{"predicate":{"custom_model_data":10020},"model":"nexusset:wings"},{"predicate":{"custom_model_data":10021},"model":"discordnitroset:chest_opening"},{"predicate":{"custom_model_data":10022},"model":"discordnitroset:helmet"},{"predicate":{"custom_model_data":10023},"model":"discordnitroset:wings"},{"predicate":{"custom_model_data":10024},"model":"thunderboltset:chest"},{"predicate":{"custom_model_data":10025},"model":"thunderboltset:chest_opening"},{"predicate":{"custom_model_data":10027},"model":"thunderboltset:key"},{"predicate":{"custom_model_data":10028},"model":"thunderboltset:wings"},{"predicate":{"custom_model_data":10029},"model":"_iainternal:ia_auto_gen/question_mark"},{"predicate":{"custom_model_data":10039},"model":"yoda:plushies/nm_plushie_mike_window"},{"predicate":{"custom_model_data":10040},"model":"yoda:plushies/nm_plushie_pedro"},{"predicate":{"custom_model_data":10041},"model":"yoda:plushies/nm_plushie_ashley_tan"},{"predicate":{"custom_model_data":10042},"model":"yoda:plushies/nm_plushie_pp-8"},{"predicate":{"custom_model_data":10043},"model":"yoda:plushies/nm_plushie_phoebe"},{"predicate":{"custom_model_data":10044},"model":"yoda:plushies/nm_plushie_alan_spacewalker"},{"predicate":{"custom_model_data":10045},"model":"yoda:plushies/nm_plushie_blah_blah"},{"predicate":{"custom_model_data":10046},"model":"yoda:plushies/nm_plushie_bounty_hunter_blue"},{"predicate":{"custom_model_data":10047},"model":"yoda:plushies/nm_plushie_dark_mall"},{"predicate":{"custom_model_data":10048},"model":"yoda:plushies/nm_plushie_baby_yoga"},{"predicate":{"custom_model_data":10069},"model":"littleduckset:backpack"},{"predicate":{"custom_model_data":10070},"model":"littleduckset:chest"},{"predicate":{"custom_model_data":10071},"model":"littleduckset:chest_opening"},{"predicate":{"custom_model_data":10072},"model":"littleduckset:frag"},{"predicate":{"custom_model_data":10073},"model":"littleduckset:hood"},{"predicate":{"custom_model_data":10074},"model":"littleduckset:littleduck"},{"predicate":{"custom_model_data":10075},"model":"infernoset:key"},{"predicate":{"custom_model_data":10076},"model":"infernoset:backpack"},{"predicate":{"custom_model_data":10077},"model":"infernoset:wings"},{"predicate":{"custom_model_data":10078},"model":"infernoset:helmet"},{"predicate":{"custom_model_data":10079},"model":"item/paper"}]}