{"parent":"item/generated","textures":{"layer0":"item/potion_overlay","layer1":"item/potion"},"overrides":[{"predicate":{"custom_model_data":2300001},"model":"littledragonset:wings_cosmeticscore"},{"predicate":{"custom_model_data":2300002},"model":"littledragonset:wings_cosmeticscore_self"},{"predicate":{"custom_model_data":2300003},"model":"littledragonset:backpack_cosmeticscore"},{"predicate":{"custom_model_data":2300004},"model":"littledragonset:backpack_cosmeticscore_self"},{"predicate":{"custom_model_data":2300005},"model":"littledragonset:helmet"},{"predicate":{"custom_model_data":2300006},"model":"littledragonset:little_dragon"},{"predicate":{"custom_model_data":3400001},"model":"infernoset:wings_cosmetics"},{"predicate":{"custom_model_data":3400002},"model":"infernoset:wings_cosmetics_self"},{"predicate":{"custom_model_data":3400003},"model":"infernoset:helmet"},{"predicate":{"custom_model_data":3400004},"model":"infernoset:backpack_cosmetics"},{"predicate":{"custom_model_data":3400005},"model":"infernoset:backpack_cosmetics_self"},{"predicate":{"custom_model_data":3400006},"model":"item/potion"}]}