{"parent":"minecraft:block/sea_lantern","overrides":[{"predicate":{"custom_model_data":10000},"model":"littlecatset:chest"},{"predicate":{"custom_model_data":10001},"model":"littlecatset:chest_opening"},{"predicate":{"custom_model_data":10002},"model":"littledragonset:chest"},{"predicate":{"custom_model_data":10003},"model":"littledragonset:chest_opening"},{"predicate":{"custom_model_data":10004},"model":"littledragonset:flag"},{"predicate":{"custom_model_data":10005},"model":"discordnitroset:chest"},{"predicate":{"custom_model_data":10006},"model":"infernoset:chest"},{"predicate":{"custom_model_data":10007},"model":"item/sea_lantern"}]}