{"credit":"Made by Nog's Menagerie","texture_size":[64,64],"textures":{"2":"yoda:plushies/nm_plushie_blah_blah_texture","particle":"yoda:plushies/nm_plushie_blah_blah_texture"},"elements":[{"name":"torso","from":[5.5,0,7.25],"to":[10.5,8,11.25],"rotation":{"angle":0,"axis":"y","origin":[8,3.0045,8.85355]},"faces":{"north":{"uv":[0,0,1.25,2],"texture":"#2"},"east":{"uv":[2.5,0,3.5,2],"texture":"#2"},"south":{"uv":[1.25,0,2.5,2],"texture":"#2"},"west":{"uv":[2.5,2,3.5,4],"texture":"#2"},"up":{"uv":[2.75,5,1.5,4],"texture":"#2"},"down":{"uv":[5.5,1.5,4.25,2.5],"texture":"#2"}}},{"name":"head","from":[5.5,9.6,3.35],"to":[10.5,12.6,10.35],"rotation":{"angle":-22.5,"axis":"x","origin":[8,8.75,8.25]},"faces":{"north":{"uv":[4.25,2.5,5.5,3.25],"texture":"#2"},"east":{"uv":[3.5,0,5.25,0.75],"texture":"#2"},"south":{"uv":[4.25,3.25,5.5,4],"texture":"#2"},"west":{"uv":[3.5,0.75,5.25,1.5],"texture":"#2"},"up":{"uv":[1.25,3.75,0,2],"texture":"#2"},"down":{"uv":[2.5,2,1.25,3.75],"texture":"#2"}}},{"name":"head","from":[6.5,12.6,4.35],"to":[9.5,13.6,9.35],"rotation":{"angle":-22.5,"axis":"x","origin":[8,8.75,8.25]},"faces":{"north":{"uv":[1.5,3.75,2.25,4],"texture":"#2"},"east":{"uv":[6,4.5,7.25,4.75],"texture":"#2"},"south":{"uv":[6.5,1.5,7.25,1.75],"texture":"#2"},"west":{"uv":[6.25,3.75,7.5,4],"texture":"#2"},"up":{"uv":[3.5,5.25,2.75,4],"texture":"#2"},"down":{"uv":[5,4,4.25,5.25],"texture":"#2"}}},{"name":"head","from":[9.5,11.6,7.35],"to":[11.5,15.6,8.35],"rotation":{"angle":-22.5,"axis":"x","origin":[8,8.75,8.25]},"faces":{"north":{"uv":[5.5,5.75,6,6.75],"texture":"#2"},"east":{"uv":[3.25,6.5,3.5,7.5],"texture":"#2"},"south":{"uv":[6,0.75,6.5,1.75],"texture":"#2"},"west":{"uv":[4.25,6.5,4.5,7.5],"texture":"#2"},"up":{"uv":[1.5,7,1,6.75],"texture":"#2"},"down":{"uv":[6,6.75,5.5,7],"texture":"#2"}}},{"name":"head","from":[4.5,11.6,7.35],"to":[6.5,15.6,8.35],"rotation":{"angle":-22.5,"axis":"x","origin":[8,8.75,8.25]},"faces":{"north":{"uv":[3.5,6,4,7],"texture":"#2"},"east":{"uv":[4.5,6.5,4.75,7.5],"texture":"#2"},"south":{"uv":[6,5.5,6.5,6.5],"texture":"#2"},"west":{"uv":[4.75,6.5,5,7.5],"texture":"#2"},"up":{"uv":[1.5,7.25,1,7],"texture":"#2"},"down":{"uv":[4,7,3.5,7.25],"texture":"#2"}}},{"name":"head","from":[6.5,6.6,6.35],"to":[9.5,9.6,10.35],"rotation":{"angle":-22.5,"axis":"x","origin":[8,8.75,8.25]},"faces":{"north":{"uv":[5.5,2.5,6.25,3.25],"texture":"#2"},"east":{"uv":[1.5,5,2.5,5.75],"texture":"#2"},"south":{"uv":[5.5,3.25,6.25,4],"texture":"#2"},"west":{"uv":[5,4,6,4.75],"texture":"#2"},"up":{"uv":[4.25,6,3.5,5],"texture":"#2"},"down":{"uv":[5.75,4.75,5,5.75],"texture":"#2"}}},{"name":"head","from":[4.5,10.80924,8.25905],"to":[7.5,11.80924,11.25905],"rotation":{"angle":22.5,"axis":"x","origin":[6.5,11.30924,11.75905]},"faces":{"north":{"uv":[6.75,2.25,7.5,2.5],"texture":"#2"},"east":{"uv":[6.75,2.5,7.5,2.75],"texture":"#2"},"south":{"uv":[6.75,2.75,7.5,3],"texture":"#2"},"west":{"uv":[6.75,3,7.5,3.25],"texture":"#2"},"up":{"uv":[6.5,0.75,5.75,0],"texture":"#2"},"down":{"uv":[2.25,5.75,1.5,6.5],"texture":"#2"}}},{"name":"head","from":[4.525,4.88536,11.10054],"to":[7.475,11.88536,12.10054],"rotation":{"angle":-22.5,"axis":"x","origin":[6.5,10.38536,11.60054]},"faces":{"north":{"uv":[3.5,1.5,4.25,3.25],"texture":"#2"},"east":{"uv":[4,6,4.25,7.75],"texture":"#2"},"south":{"uv":[3.5,3.25,4.25,5],"texture":"#2"},"west":{"uv":[2.5,6.5,2.75,8.25],"texture":"#2"},"up":{"uv":[7.25,7,6.5,6.75],"texture":"#2"},"down":{"uv":[7.75,0,7,0.25],"texture":"#2"}}},{"name":"head","from":[8.525,4.88536,11.10054],"to":[11.475,11.88536,12.10054],"rotation":{"angle":-22.5,"axis":"x","origin":[9.5,10.38536,11.60054]},"faces":{"north":{"uv":[0,3.75,0.75,5.5],"texture":"#2"},"east":{"uv":[2.75,6.5,3,8.25],"texture":"#2"},"south":{"uv":[0.75,3.75,1.5,5.5],"texture":"#2"},"west":{"uv":[3,6.5,3.25,8.25],"texture":"#2"},"up":{"uv":[7.75,0.5,7,0.25],"texture":"#2"},"down":{"uv":[7.75,0.5,7,0.75],"texture":"#2"}}},{"name":"head","from":[8.5,10.80924,8.25905],"to":[11.5,11.80924,11.25905],"rotation":{"angle":22.5,"axis":"x","origin":[9.5,11.30924,11.75905]},"faces":{"north":{"uv":[7,0.75,7.75,1],"texture":"#2"},"east":{"uv":[7,1.75,7.75,2],"texture":"#2"},"south":{"uv":[7,2,7.75,2.25],"texture":"#2"},"west":{"uv":[7,4,7.75,4.25],"texture":"#2"},"up":{"uv":[5.5,6.5,4.75,5.75],"texture":"#2"},"down":{"uv":[6.5,4.75,5.75,5.5],"texture":"#2"}}},{"name":"left_arm","from":[4.16813,2.24074,8.25],"to":[6.16813,7.24074,10.25],"rotation":{"angle":-45,"axis":"z","origin":[5.16813,5.24074,9.25]},"faces":{"north":{"uv":[5.25,0,5.75,1.25],"texture":"#2"},"east":{"uv":[2.5,5.25,3,6.5],"texture":"#2"},"south":{"uv":[3,5.25,3.5,6.5],"texture":"#2"},"west":{"uv":[4.25,5.25,4.75,6.5],"texture":"#2"},"up":{"uv":[7,5.25,6.5,4.75],"texture":"#2"},"down":{"uv":[5.5,6.5,5,7],"texture":"#2"}}},{"name":"right_arm","from":[9.83187,2.24074,8.25],"to":[11.83187,7.24074,10.25],"rotation":{"angle":45,"axis":"z","origin":[10.83187,5.24074,9.25]},"faces":{"north":{"uv":[0,5.5,0.5,6.75],"texture":"#2"},"east":{"uv":[0.5,5.5,1,6.75],"texture":"#2"},"south":{"uv":[1,5.5,1.5,6.75],"texture":"#2"},"west":{"uv":[5.5,1.25,6,2.5],"texture":"#2"},"up":{"uv":[7,5.75,6.5,5.25],"texture":"#2"},"down":{"uv":[7,5.75,6.5,6.25],"texture":"#2"}}},{"name":"right_leg","from":[9.075,0.01,4.25],"to":[11.075,2.01,8.25],"rotation":{"angle":-22.5,"axis":"y","origin":[8,0.01,6.25]},"faces":{"north":{"uv":[6,6.5,6.5,7],"texture":"#2"},"east":{"uv":[6,1.75,7,2.25],"texture":"#2"},"south":{"uv":[6.5,6.25,7,6.75],"texture":"#2"},"west":{"uv":[6,4,7,4.5],"texture":"#2"},"up":{"uv":[6.75,3.25,6.25,2.25],"texture":"#2"},"down":{"uv":[7,0,6.5,1],"texture":"#2"}}},{"name":"left_leg","from":[4.925,0.01,4.25],"to":[6.925,2.01,8.25],"rotation":{"angle":22.5,"axis":"y","origin":[8,0.01,6.25]},"faces":{"north":{"uv":[0,6.75,0.5,7.25],"texture":"#2"},"east":{"uv":[6.25,3.25,7.25,3.75],"texture":"#2"},"south":{"uv":[0.5,6.75,1,7.25],"texture":"#2"},"west":{"uv":[6.5,1,7.5,1.5],"texture":"#2"},"up":{"uv":[2,7.5,1.5,6.5],"texture":"#2"},"down":{"uv":[2.5,6.5,2,7.5],"texture":"#2"}}}],"gui_light":"front","display":{"thirdperson_righthand":{"rotation":[24,13,0],"translation":[0,1.25,-0.5],"scale":[0.6,0.6,0.6]},"thirdperson_lefthand":{"rotation":[24,13,0],"translation":[0,0.75,-0.5],"scale":[0.6,0.6,0.6]},"firstperson_righthand":{"rotation":[0,109,5],"translation":[2,5.25,0],"scale":[0.71,0.71,0.71]},"firstperson_lefthand":{"rotation":[0,109,5],"translation":[2,5.25,0],"scale":[0.71,0.71,0.71]},"ground":{"translation":[0,3.5,0],"scale":[0.65,0.65,0.65]},"gui":{"rotation":[25,151,0],"translation":[0,0.25,0],"scale":[0.73,0.73,0.73]},"head":{"translation":[0,14.4,0]},"fixed":{"rotation":[-90,0,0],"translation":[0,0,-13.5],"scale":[1.7,1.7,1.7]}}}