{"credit":"Made by Nog's Menagerie","texture_size":[64,64],"textures":{"1":"yoda:plushies/nm_plushie_ashley_tan_texture"},"elements":[{"name":"torso","from":[5.5,0,7.25],"to":[10.5,7,11.25],"rotation":{"angle":0,"axis":"y","origin":[8,2.0045,8.85355]},"faces":{"north":{"uv":[3,6.5,4.25,8.25],"texture":"#1"},"east":{"uv":[3,4.5,4,6.25],"texture":"#1"},"south":{"uv":[7,3.5,8.25,5.25],"texture":"#1"},"west":{"uv":[4.25,6.5,5.25,8.25],"texture":"#1"},"up":{"uv":[7,8,5.75,7],"texture":"#1"},"down":{"uv":[1.25,7.5,0,8.5],"texture":"#1"}}},{"name":"head","from":[4.5,5.6,4.85],"to":[11.5,12.6,11.85],"rotation":{"angle":-22.5,"axis":"x","origin":[8,7.75,8.25]},"faces":{"north":{"uv":[1.25,4.5,3,6.25],"texture":"#1"},"east":{"uv":[5.25,3.5,7,5.25],"texture":"#1"},"south":{"uv":[5.25,5.25,7,7],"texture":"#1"},"west":{"uv":[6.25,0,8,1.75],"texture":"#1"},"up":{"uv":[3,8,1.25,6.25],"texture":"#1"},"down":{"uv":[8,1.75,6.25,3.5],"texture":"#1"}}},{"name":"head","from":[3.5,4.6,5.85],"to":[12.5,13.6,12.85],"rotation":{"angle":-22.5,"axis":"x","origin":[8,7.75,8.25]},"faces":{"north":{"uv":[0,0,2.25,2.25],"texture":"#1"},"east":{"uv":[2.25,0,4,2.25],"texture":"#1"},"south":{"uv":[0,2.25,2.25,4.5],"texture":"#1"},"west":{"uv":[2.25,2.25,4,4.5],"texture":"#1"},"up":{"uv":[6.25,1.75,4,0],"texture":"#1"},"down":{"uv":[6.25,1.75,4,3.5],"texture":"#1"}}},{"name":"head","from":[5.5,1.6,11.85],"to":[10.5,13.575,13.85],"rotation":{"angle":-22.5,"axis":"x","origin":[8,7.75,8.25]},"faces":{"north":{"uv":[4,3.5,5.25,6.5],"texture":"#1"},"east":{"uv":[5.25,7,5.75,10],"texture":"#1"},"south":{"uv":[0,4.5,1.25,7.5],"texture":"#1"},"west":{"uv":[7,5.25,7.5,8.25],"texture":"#1"},"up":{"uv":[8.75,5.75,7.5,5.25],"texture":"#1"},"down":{"uv":[8.75,5.75,7.5,6.25],"texture":"#1"}}},{"name":"head","from":[11.7,13.02654,7.0643],"to":[13.7,18.02654,9.0643],"rotation":{"angle":-22.5,"axis":"z","origin":[8,16.55154,5.3143]},"faces":{"north":{"uv":[7.5,6.25,8,7.5],"texture":"#1"},"east":{"uv":[7.5,7.5,8,8.75],"texture":"#1"},"south":{"uv":[8,0,8.5,1.25],"texture":"#1"},"west":{"uv":[1.25,8,1.75,9.25],"texture":"#1"},"up":{"uv":[9.25,5.75,8.75,5.25],"texture":"#1"},"down":{"uv":[9.25,5.75,8.75,6.25],"texture":"#1"}}},{"name":"head","from":[2.3,13.02654,7.0643],"to":[4.3,18.02654,9.0643],"rotation":{"angle":22.5,"axis":"z","origin":[8,16.55154,5.3143]},"faces":{"north":{"uv":[8,6.25,7.5,7.5],"texture":"#1"},"east":{"uv":[1.75,8,1.25,9.25],"texture":"#1"},"south":{"uv":[8.5,0,8,1.25],"texture":"#1"},"west":{"uv":[8,7.5,7.5,8.75],"texture":"#1"},"up":{"uv":[8.75,5.75,9.25,5.25],"texture":"#1"},"down":{"uv":[8.75,5.75,9.25,6.25],"texture":"#1"}}},{"name":"head","from":[3.525,2.15565,5.71808],"to":[5.5,6.15565,7.71808],"rotation":{"angle":22.5,"axis":"x","origin":[8,5.40565,7.44308]},"faces":{"north":{"uv":[8.5,2.5,8,3.5],"texture":"#1"},"east":{"uv":[8.5,7.25,8,8.25],"texture":"#1"},"south":{"uv":[8.5,6.25,8,7.25],"texture":"#1"},"west":{"uv":[6.75,8,6.25,9],"texture":"#1"},"up":{"uv":[0.25,9.5,0.75,9],"texture":"#1"},"down":{"uv":[9,1.5,9.5,2],"texture":"#1"}}},{"name":"head","from":[10.5,2.15565,5.71808],"to":[12.475,6.15565,7.71808],"rotation":{"angle":22.5,"axis":"x","origin":[8,5.40565,7.44308]},"faces":{"north":{"uv":[8,2.5,8.5,3.5],"texture":"#1"},"east":{"uv":[6.25,8,6.75,9],"texture":"#1"},"south":{"uv":[8,6.25,8.5,7.25],"texture":"#1"},"west":{"uv":[8,7.25,8.5,8.25],"texture":"#1"},"up":{"uv":[0.75,9.5,0.25,9],"texture":"#1"},"down":{"uv":[9.5,1.5,9,2],"texture":"#1"}}},{"name":"head","from":[7,6.625,2.85],"to":[9,8.625,4.85],"rotation":{"angle":-22.5,"axis":"x","origin":[8,8.075,8.25]},"faces":{"north":{"uv":[9,6.75,9.5,7.25],"texture":"#1"},"east":{"uv":[9,7.25,9.5,7.75],"texture":"#1"},"south":{"uv":[9,7.75,9.5,8.25],"texture":"#1"},"west":{"uv":[9,8.5,9.5,9],"texture":"#1"},"up":{"uv":[9.5,9.5,9,9],"texture":"#1"},"down":{"uv":[9.75,0,9.25,0.5],"texture":"#1"}}},{"name":"right_arm","from":[9.83187,1.74074,8.25],"to":[11.83187,5.74074,10.25],"rotation":{"angle":45,"axis":"z","origin":[10.83187,3.74074,9.25]},"faces":{"north":{"uv":[2.75,8.25,3.25,9.25],"texture":"#1"},"east":{"uv":[3.25,8.25,3.75,9.25],"texture":"#1"},"south":{"uv":[8.25,3.5,8.75,4.5],"texture":"#1"},"west":{"uv":[3.75,8.25,4.25,9.25],"texture":"#1"},"up":{"uv":[9.75,1,9.25,0.5],"texture":"#1"},"down":{"uv":[9.75,1,9.25,1.5],"texture":"#1"}}},{"name":"left_arm","from":[4.16813,1.74074,8.25],"to":[6.16813,5.74074,10.25],"rotation":{"angle":-45,"axis":"z","origin":[5.16813,3.74074,9.25]},"faces":{"north":{"uv":[4.25,8.25,4.75,9.25],"texture":"#1"},"east":{"uv":[4.75,8.25,5.25,9.25],"texture":"#1"},"south":{"uv":[6.75,8.25,7.25,9.25],"texture":"#1"},"west":{"uv":[8,8.25,8.5,9.25],"texture":"#1"},"up":{"uv":[1.75,9.75,1.25,9.25],"texture":"#1"},"down":{"uv":[2.25,9.25,1.75,9.75],"texture":"#1"}}},{"name":"sword","from":[13.60484,0.12462,10.75],"to":[14.60484,1.12462,16.75],"rotation":{"angle":-45,"axis":"z","origin":[15.60484,4.62462,7.25]},"faces":{"north":{"uv":[3.75,6.25,4,6.5],"texture":"#1"},"east":{"uv":[8.25,5,9.75,5.25],"texture":"#1"},"south":{"uv":[2.75,8,3,8.25],"texture":"#1"},"west":{"uv":[8.5,3,10,3.25],"texture":"#1"},"up":{"uv":[7.5,9.75,7.25,8.25],"texture":"#1"},"down":{"uv":[1.25,8.5,1,10],"texture":"#1"}}},{"name":"sword_outline","from":[14.80484,1.32462,16.95],"to":[13.40484,-0.07538,10.75],"rotation":{"angle":-45,"axis":"z","origin":[15.60484,4.62462,7.25]},"faces":{"north":{"uv":[6.75,8,7,8.25],"texture":"#1"},"east":{"uv":[8.5,3.25,10,3.5],"texture":"#1"},"south":{"uv":[6,9.25,6.25,9.5],"texture":"#1"},"west":{"uv":[8.5,8.25,10,8.5],"texture":"#1"},"up":{"uv":[8.75,10,8.5,8.5],"texture":"#1"},"down":{"uv":[7.75,8.75,7.5,10.25],"texture":"#1"}}},{"name":"sword","from":[13.60484,0.12462,7.75],"to":[14.60484,1.12462,10.75],"rotation":{"angle":-45,"axis":"z","origin":[15.60484,4.62462,7.25]},"faces":{"north":{"uv":[9.25,6,9.5,6.25],"texture":"#1"},"east":{"uv":[3,6.25,3.75,6.5],"texture":"#1"},"south":{"uv":[6.75,9.25,7,9.5],"texture":"#1"},"west":{"uv":[4.25,9.25,5,9.5],"texture":"#1"},"up":{"uv":[1,9.75,0.75,9],"texture":"#1"},"down":{"uv":[5.25,9.25,5,10],"texture":"#1"}}},{"name":"sword","from":[1.39516,0.12462,7.75],"to":[2.39516,1.12462,10.75],"rotation":{"angle":45,"axis":"z","origin":[0.39516,4.62462,7.25]},"faces":{"north":{"uv":[7,9.25,7.25,9.5],"texture":"#1"},"east":{"uv":[9.25,4.5,10,4.75],"texture":"#1"},"south":{"uv":[8,9.25,8.25,9.5],"texture":"#1"},"west":{"uv":[9.25,4.75,10,5],"texture":"#1"},"up":{"uv":[9.5,6,9.25,5.25],"texture":"#1"},"down":{"uv":[6,9.25,5.75,10],"texture":"#1"}}},{"name":"sword_outline","from":[2.59516,1.32462,16.95],"to":[1.19516,-0.07538,10.75],"rotation":{"angle":45,"axis":"z","origin":[0.39516,4.62462,7.25]},"faces":{"north":{"uv":[8.25,9.25,8.5,9.5],"texture":"#1"},"east":{"uv":[8.75,3.5,10.25,3.75],"texture":"#1"},"south":{"uv":[0.25,9.5,0.5,9.75],"texture":"#1"},"west":{"uv":[8.75,3.75,10.25,4],"texture":"#1"},"up":{"uv":[8,10.25,7.75,8.75],"texture":"#1"},"down":{"uv":[9,8.5,8.75,10],"texture":"#1"}}},{"name":"sword","from":[1.39516,0.12462,10.75],"to":[2.39516,1.12462,16.75],"rotation":{"angle":45,"axis":"z","origin":[0.39516,4.62462,7.25]},"faces":{"north":{"uv":[0.5,9.5,0.75,9.75],"texture":"#1"},"east":{"uv":[8.75,4,10.25,4.25],"texture":"#1"},"south":{"uv":[9.5,1.5,9.75,1.75],"texture":"#1"},"west":{"uv":[8.75,4.25,10.25,4.5],"texture":"#1"},"up":{"uv":[0.25,10.5,0,9],"texture":"#1"},"down":{"uv":[9.25,0,9,1.5],"texture":"#1"}}},{"name":"right_leg","from":[9.075,0.01,4.25],"to":[11.075,2.01,8.25],"rotation":{"angle":-22.5,"axis":"y","origin":[8,0.01,6.25]},"faces":{"north":{"uv":[2.25,9.25,2.75,9.75],"texture":"#1"},"east":{"uv":[8.25,4.5,9.25,5],"texture":"#1"},"south":{"uv":[2.75,9.25,3.25,9.75],"texture":"#1"},"west":{"uv":[0,8.5,1,9],"texture":"#1"},"up":{"uv":[9,1,8.5,0],"texture":"#1"},"down":{"uv":[9,1,8.5,2],"texture":"#1"}}},{"name":"left_leg","from":[4.925,0.01,4.25],"to":[6.925,2.01,8.25],"rotation":{"angle":22.5,"axis":"y","origin":[8,0.01,6.25]},"faces":{"north":{"uv":[3.25,9.25,3.75,9.75],"texture":"#1"},"east":{"uv":[8.5,2,9.5,2.5],"texture":"#1"},"south":{"uv":[3.75,9.25,4.25,9.75],"texture":"#1"},"west":{"uv":[8.5,2.5,9.5,3],"texture":"#1"},"up":{"uv":[9,7.25,8.5,6.25],"texture":"#1"},"down":{"uv":[9,7.25,8.5,8.25],"texture":"#1"}}}],"display":{"thirdperson_righthand":{"rotation":[24,13,0],"translation":[0,1.25,-0.5],"scale":[0.6,0.6,0.6]},"thirdperson_lefthand":{"rotation":[24,13,0],"translation":[0,0.75,-0.5],"scale":[0.6,0.6,0.6]},"firstperson_righthand":{"rotation":[0,109,5],"translation":[2,5.25,0],"scale":[0.71,0.71,0.71]},"firstperson_lefthand":{"rotation":[0,109,5],"translation":[2,5.25,0],"scale":[0.71,0.71,0.71]},"ground":{"translation":[0,3.5,0],"scale":[0.65,0.65,0.65]},"gui":{"rotation":[25,151,0],"translation":[0.5,0.5,0],"scale":[0.73,0.73,0.73]},"head":{"translation":[0,14.4,0]},"fixed":{"rotation":[-90,0,0],"translation":[0,0,-13.5],"scale":[1.7,1.7,1.7]}}}