{"credit":"Made by Nog's Menagerie","texture_size":[32,32],"textures":{"0":"yoda:plushies/nm_plushie_pp-8_texture","particle":"yoda:plushies/nm_plushie_pp-8_texture"},"elements":[{"name":"torso","from":[5,0,5],"to":[11,6,11],"rotation":{"angle":0,"axis":"y","origin":[8,2.0045,7.60355]},"faces":{"north":{"uv":[0,0,3,3],"texture":"#0"},"east":{"uv":[0,3,3,6],"texture":"#0"},"south":{"uv":[3,0,6,3],"texture":"#0"},"west":{"uv":[3,3,6,6],"texture":"#0"},"up":{"uv":[3,9,0,6],"texture":"#0"},"down":{"uv":[9,0,6,3],"texture":"#0"}}},{"name":"torso","from":[6,6,6],"to":[10,9,10],"rotation":{"angle":0,"axis":"y","origin":[8,2.0045,7.60355]},"faces":{"north":{"uv":[5,6,7,7.5],"texture":"#0"},"east":{"uv":[7,5,9,6.5],"texture":"#0"},"south":{"uv":[7,6.5,9,8],"texture":"#0"},"west":{"uv":[5,7.5,7,9],"texture":"#0"},"up":{"uv":[5,8,3,6],"texture":"#0"},"down":{"uv":[8,3,6,5],"texture":"#0"}}},{"name":"torso","from":[7.5,6.5,5.95],"to":[8.5,8.5,5.95],"rotation":{"angle":0,"axis":"y","origin":[8,2.0045,7.60355]},"faces":{"north":{"uv":[6,5,6.5,6],"texture":"#0"},"east":{"uv":[0,0,0,1],"texture":"#0"},"south":{"uv":[6.5,5,7,6],"texture":"#0"},"west":{"uv":[0,0,0,1],"texture":"#0"},"up":{"uv":[0.5,0,0,0],"texture":"#0"},"down":{"uv":[0.5,0,0,0],"texture":"#0"}}},{"name":"torso","from":[6.5,9,8],"to":[9.5,12,8],"rotation":{"angle":0,"axis":"y","origin":[8,2.0045,7.60355]},"faces":{"north":{"uv":[3,8,4.5,9.5],"texture":"#0"},"east":{"uv":[0,0,0,1.5],"texture":"#0"},"south":{"uv":[8,3,9.5,4.5],"texture":"#0"},"west":{"uv":[0,0,0,1.5],"texture":"#0"},"up":{"uv":[1.5,0,0,0],"texture":"#0"},"down":{"uv":[1.5,0,0,0],"texture":"#0"}}}],"gui_light":"front","display":{"thirdperson_righthand":{"rotation":[24,13,0],"translation":[0,1.25,-0.5],"scale":[0.6,0.6,0.6]},"thirdperson_lefthand":{"rotation":[24,13,0],"translation":[0,0.75,-0.5],"scale":[0.6,0.6,0.6]},"firstperson_righthand":{"rotation":[0,109,5],"translation":[2,5.25,0],"scale":[0.71,0.71,0.71]},"firstperson_lefthand":{"rotation":[0,109,5],"translation":[2,5.25,0],"scale":[0.71,0.71,0.71]},"ground":{"translation":[0,3.5,0],"scale":[0.65,0.65,0.65]},"gui":{"rotation":[25,151,0],"translation":[0.25,2,0],"scale":[0.73,0.73,0.73]},"head":{"translation":[0,14.4,0]},"fixed":{"rotation":[-90,0,0],"translation":[0,0,-13.5],"scale":[1.7,1.7,1.7]}}}