{"credit":"Made by Nog's Menagerie","texture_size":[32,32],"textures":{"2":"yoda:plushies/nm_plushie_alan_spacewalker_texture","particle":"yoda:plushies/nm_plushie_alan_spacewalker_texture"},"elements":[{"name":"torso","from":[5.5,0,7.25],"to":[10.5,7,11.25],"rotation":{"angle":0,"axis":"y","origin":[8,2.0045,8.85355]},"faces":{"north":{"uv":[3.5,7,6,10.5],"texture":"#2"},"east":{"uv":[6,7,8,10.5],"texture":"#2"},"south":{"uv":[7,3.5,9.5,7],"texture":"#2"},"west":{"uv":[8,7,10,10.5],"texture":"#2"},"up":{"uv":[12,5.5,9.5,3.5],"texture":"#2"},"down":{"uv":[12.5,5.5,10,7.5],"texture":"#2"}}},{"name":"head","from":[4.5,5.6,4.85],"to":[11.5,12.6,11.85],"rotation":{"angle":-22.5,"axis":"x","origin":[8,7.75,8.25]},"faces":{"north":{"uv":[0,0,3.5,3.5],"texture":"#2"},"east":{"uv":[0,3.5,3.5,7],"texture":"#2"},"south":{"uv":[3.5,0,7,3.5],"texture":"#2"},"west":{"uv":[3.5,3.5,7,7],"texture":"#2"},"up":{"uv":[3.5,10.5,0,7],"texture":"#2"},"down":{"uv":[10.5,0,7,3.5],"texture":"#2"}}},{"name":"head","from":[3.5,3.69157,15.89874],"to":[12.5,5.69157,15.89874],"rotation":{"angle":-45,"axis":"x","origin":[8,2.19157,12.39874]},"faces":{"north":{"uv":[10,8.5,14.5,9.5],"texture":"#2"},"east":{"uv":[0,0,0,1],"texture":"#2"},"south":{"uv":[10,8.5,14.5,9.5],"texture":"#2"},"west":{"uv":[0,0,0,1],"texture":"#2"},"up":{"uv":[4.5,0,0,0],"texture":"#2"},"down":{"uv":[4.5,0,0,0],"texture":"#2"}}},{"name":"head","from":[7,6.675,2.85],"to":[9,8.675,4.85],"rotation":{"angle":-22.5,"axis":"x","origin":[8,8.075,8.25]},"faces":{"north":{"uv":[12,4.5,13,5.5],"texture":"#2"},"east":{"uv":[11,12,12,13],"texture":"#2"},"south":{"uv":[12,12,13,13],"texture":"#2"},"west":{"uv":[0,12.5,1,13.5],"texture":"#2"},"up":{"uv":[13.5,1,12.5,0],"texture":"#2"},"down":{"uv":[2,12.5,1,13.5],"texture":"#2"}}},{"name":"right_arm","from":[9.83187,1.74074,8.25],"to":[11.83187,5.74074,10.25],"rotation":{"angle":45,"axis":"z","origin":[10.83187,3.74074,9.25]},"faces":{"north":{"uv":[10,9.5,11,11.5],"texture":"#2"},"east":{"uv":[0,10.5,1,12.5],"texture":"#2"},"south":{"uv":[10.5,0,11.5,2],"texture":"#2"},"west":{"uv":[1,10.5,2,12.5],"texture":"#2"},"up":{"uv":[13.5,2,12.5,1],"texture":"#2"},"down":{"uv":[3,12.5,2,13.5],"texture":"#2"}}},{"name":"left_arm","from":[4.16813,1.74074,8.25],"to":[6.16813,5.74074,10.25],"rotation":{"angle":-45,"axis":"z","origin":[5.16813,3.74074,9.25]},"faces":{"north":{"uv":[2,10.5,3,12.5],"texture":"#2"},"east":{"uv":[3,10.5,4,12.5],"texture":"#2"},"south":{"uv":[4,10.5,5,12.5],"texture":"#2"},"west":{"uv":[5,10.5,6,12.5],"texture":"#2"},"up":{"uv":[13.5,3,12.5,2],"texture":"#2"},"down":{"uv":[4,12.5,3,13.5],"texture":"#2"}}},{"name":"sword","from":[13.60484,0.12462,7.75],"to":[14.60484,1.12462,10.75],"rotation":{"angle":-45,"axis":"z","origin":[15.60484,4.62462,8.75]},"faces":{"north":{"uv":[13,5,13.5,5.5],"texture":"#2"},"east":{"uv":[8,12.5,9.5,13],"texture":"#2"},"south":{"uv":[8,13,8.5,13.5],"texture":"#2"},"west":{"uv":[13,4.5,14.5,5],"texture":"#2"},"up":{"uv":[10,7,9.5,5.5],"texture":"#2"},"down":{"uv":[10,12.5,9.5,14],"texture":"#2"}}},{"name":"sword","from":[13.60484,0.12462,1.75],"to":[14.60484,1.12462,7.75],"rotation":{"angle":-45,"axis":"z","origin":[15.60484,4.62462,8.75]},"faces":{"north":{"uv":[8.5,13,9,13.5],"texture":"#2"},"east":{"uv":[10.5,3,13.5,3.5],"texture":"#2"},"south":{"uv":[9,13,9.5,13.5],"texture":"#2"},"west":{"uv":[10,11.5,13,12],"texture":"#2"},"up":{"uv":[7.5,14.5,7,11.5],"texture":"#2"},"down":{"uv":[8,11.5,7.5,14.5],"texture":"#2"}}},{"name":"sword_outline","from":[14.80484,1.32462,7.75],"to":[13.40484,-0.07538,1.55],"rotation":{"angle":-45,"axis":"z","origin":[15.60484,4.62462,8.75]},"faces":{"north":{"uv":[13,9.5,13.5,10],"texture":"#2"},"east":{"uv":[12,3.5,15,4],"texture":"#2"},"south":{"uv":[13,10,13.5,10.5],"texture":"#2"},"west":{"uv":[12,4,15,4.5],"texture":"#2"},"up":{"uv":[10.5,15,10,12],"texture":"#2"},"down":{"uv":[11,12,10.5,15],"texture":"#2"}}},{"name":"right_leg","from":[9.075,0.01,4.25],"to":[11.075,2.01,8.25],"rotation":{"angle":-22.5,"axis":"y","origin":[8,0.01,6.25]},"faces":{"north":{"uv":[4,12.5,5,13.5],"texture":"#2"},"east":{"uv":[10.5,2,12.5,3],"texture":"#2"},"south":{"uv":[5,12.5,6,13.5],"texture":"#2"},"west":{"uv":[6,10.5,8,11.5],"texture":"#2"},"up":{"uv":[9,12.5,8,10.5],"texture":"#2"},"down":{"uv":[10,10.5,9,12.5],"texture":"#2"}}},{"name":"left_leg","from":[4.925,0.01,4.25],"to":[6.925,2.01,8.25],"rotation":{"angle":22.5,"axis":"y","origin":[8,0.01,6.25]},"faces":{"north":{"uv":[12.5,5.5,13.5,6.5],"texture":"#2"},"east":{"uv":[11,9.5,13,10.5],"texture":"#2"},"south":{"uv":[12.5,6.5,13.5,7.5],"texture":"#2"},"west":{"uv":[11,10.5,13,11.5],"texture":"#2"},"up":{"uv":[12.5,2,11.5,0],"texture":"#2"},"down":{"uv":[7,11.5,6,13.5],"texture":"#2"}}}],"gui_light":"front","display":{"thirdperson_righthand":{"rotation":[24,13,0],"translation":[0,1.25,-0.5],"scale":[0.6,0.6,0.6]},"thirdperson_lefthand":{"rotation":[24,13,0],"translation":[0,0.75,-0.5],"scale":[0.6,0.6,0.6]},"firstperson_righthand":{"rotation":[0,109,5],"translation":[2,5.25,0],"scale":[0.71,0.71,0.71]},"firstperson_lefthand":{"rotation":[0,109,5],"translation":[2,5.25,0],"scale":[0.71,0.71,0.71]},"ground":{"translation":[0,3.5,0],"scale":[0.65,0.65,0.65]},"gui":{"rotation":[25,151,0],"translation":[0.5,0.5,0],"scale":[0.73,0.73,0.73]},"head":{"translation":[0,14.4,0]},"fixed":{"rotation":[-90,0,0],"translation":[0,0,-13.5],"scale":[1.7,1.7,1.7]}}}