{"credit":"MadebyPolygonMC","texture_size":[48,48],"textures":{"2":"littleduckset:chest","particle":"littleduckset:chest"},"elements":[{"from":[3,6,3],"to":[13,7,13],"rotation":{"angle":0,"axis":"x","origin":[8,9.48,8]},"faces":{"north":{"uv":[11.33333,6,14.66667,6.33333],"texture":"#2"},"east":{"uv":[11.33333,6.33333,14.66667,6.66667],"texture":"#2"},"south":{"uv":[11.33333,6.66667,14.66667,7],"texture":"#2"},"west":{"uv":[11.33333,7,14.66667,7.33333],"texture":"#2"},"up":{"uv":[3.33333,10,0,6.66667],"texture":"#2"},"down":{"uv":[10,0,6.66667,3.33333],"texture":"#2"}}},{"from":[11,7,11],"to":[13,11,13],"rotation":{"angle":0,"axis":"x","origin":[8,9.48,8]},"faces":{"north":{"uv":[9.33333,11.33333,10,12.66667],"texture":"#2"},"east":{"uv":[1,11.66667,1.66667,13],"texture":"#2"},"south":{"uv":[1.66667,11.66667,2.33333,13],"texture":"#2"},"west":{"uv":[2.33333,11.66667,3,13],"texture":"#2"},"up":{"uv":[14,3.33333,13.33333,2.66667],"texture":"#2"},"down":{"uv":[4,13.33333,3.33333,14],"texture":"#2"}}},{"from":[11,7,3],"to":[13,11,5],"rotation":{"angle":0,"axis":"x","origin":[8,9.48,8]},"faces":{"north":{"uv":[6,11.66667,6.66667,13],"texture":"#2"},"east":{"uv":[6.66667,11.66667,7.33333,13],"texture":"#2"},"south":{"uv":[7.33333,11.66667,8,13],"texture":"#2"},"west":{"uv":[8,11.66667,8.66667,13],"texture":"#2"},"up":{"uv":[14,4,13.33333,3.33333],"texture":"#2"},"down":{"uv":[14,4,13.33333,4.66667],"texture":"#2"}}},{"from":[3,7,11],"to":[5,11,13],"rotation":{"angle":0,"axis":"x","origin":[8,9.48,8]},"faces":{"north":{"uv":[8.66667,11.66667,9.33333,13],"texture":"#2"},"east":{"uv":[11.33333,11.66667,12,13],"texture":"#2"},"south":{"uv":[3,12,3.66667,13.33333],"texture":"#2"},"west":{"uv":[12,3.33333,12.66667,4.66667],"texture":"#2"},"up":{"uv":[14,5.33333,13.33333,4.66667],"texture":"#2"},"down":{"uv":[14,7.33333,13.33333,8],"texture":"#2"}}},{"from":[3,7,3],"to":[5,11,5],"rotation":{"angle":0,"axis":"x","origin":[8,9.48,8]},"faces":{"north":{"uv":[3.66667,12,4.33333,13.33333],"texture":"#2"},"east":{"uv":[12,11.66667,12.66667,13],"texture":"#2"},"south":{"uv":[4.33333,12.33333,5,13.66667],"texture":"#2"},"west":{"uv":[5,12.33333,5.66667,13.66667],"texture":"#2"},"up":{"uv":[14,8.66667,13.33333,8],"texture":"#2"},"down":{"uv":[14,8.66667,13.33333,9.33333],"texture":"#2"}}},{"from":[4,7,4],"to":[12,10,12],"rotation":{"angle":0,"axis":"x","origin":[8,9.48,8]},"faces":{"north":{"uv":[6,9.33333,8.66667,10.33333],"texture":"#2"},"east":{"uv":[8.66667,9.66667,11.33333,10.66667],"texture":"#2"},"south":{"uv":[0,10,2.66667,11],"texture":"#2"},"west":{"uv":[10,0,12.66667,1],"texture":"#2"},"up":{"uv":[8.66667,9.33333,6,6.66667],"texture":"#2"},"down":{"uv":[11.33333,6,8.66667,8.66667],"texture":"#2"}}},{"from":[11,9,5],"to":[13,11,11],"rotation":{"angle":0,"axis":"x","origin":[8,9.48,8]},"faces":{"north":{"uv":[13.33333,9.33333,14,10],"texture":"#2"},"east":{"uv":[6.66667,6,8.66667,6.66667],"texture":"#2"},"south":{"uv":[13.33333,10,14,10.66667],"texture":"#2"},"west":{"uv":[2.66667,10.33333,4.66667,11],"texture":"#2"},"up":{"uv":[5.33333,12.33333,4.66667,10.33333],"texture":"#2"},"down":{"uv":[6,10.33333,5.33333,12.33333],"texture":"#2"}}},{"from":[3,9,5],"to":[5,11,11],"rotation":{"angle":0,"axis":"x","origin":[8,9.48,8]},"faces":{"north":{"uv":[13.33333,10.66667,14,11.33333],"texture":"#2"},"east":{"uv":[6,10.33333,8,11],"texture":"#2"},"south":{"uv":[13.33333,11.33333,14,12],"texture":"#2"},"west":{"uv":[8,10.66667,10,11.33333],"texture":"#2"},"up":{"uv":[10.66667,12.66667,10,10.66667],"texture":"#2"},"down":{"uv":[11.33333,10.66667,10.66667,12.66667],"texture":"#2"}}},{"from":[6.78,9.97,6.1767],"to":[9.22,12.41,9.8367],"rotation":{"angle":0,"axis":"y","origin":[8,9.48,8]},"faces":{"north":{"uv":[12.33333,7.33333,13.16667,8.16667],"texture":"#2"},"east":{"uv":[11.33333,8.33333,12.5,9.16667],"texture":"#2"},"south":{"uv":[12.33333,10.33333,13.16667,11.16667],"texture":"#2"},"west":{"uv":[11.33333,9.33333,12.5,10.16667],"texture":"#2"},"up":{"uv":[12.16667,11.5,11.33333,10.33333],"texture":"#2"},"down":{"uv":[0.83333,11.66667,0,12.83333],"texture":"#2"}}},{"from":[7.2192,11.5292,5.1025],"to":[8.7808,13.3908,7.1349],"rotation":{"angle":0,"axis":"y","origin":[8,9.48,8]},"faces":{"north":{"uv":[13.33333,12.66667,13.83333,13.33333],"texture":"#2"},"east":{"uv":[13.33333,12,14,12.66667],"texture":"#2"},"south":{"uv":[13.33333,13.33333,13.83333,14],"texture":"#2"},"west":{"uv":[12.66667,13.33333,13.33333,14],"texture":"#2"},"up":{"uv":[4.5,14.33333,4,13.66667],"texture":"#2"},"down":{"uv":[5.16667,13.66667,4.66667,14.33333],"texture":"#2"}}},{"from":[7.3412,11.6207,4.2241],"to":[8.6588,12.2063,5.1025],"rotation":{"angle":0,"axis":"y","origin":[8,9.48,8]},"faces":{"north":{"uv":[9,13.66667,9.5,13.83333],"texture":"#2"},"east":{"uv":[4.33333,11,4.66667,11.16667],"texture":"#2"},"west":{"uv":[4.33333,11.33333,4.66667,11.5],"texture":"#2"},"up":{"uv":[3.16667,10.33333,2.66667,10],"texture":"#2"},"down":{"uv":[8.5,10.33333,8,10.66667],"texture":"#2"}}},{"from":[7.2192,10.89622,10.21039],"to":[8.7808,11.72582,11.64279],"rotation":{"angle":-22.5,"axis":"x","origin":[8,9.48,8]},"faces":{"east":{"uv":[6,11,6.5,11.33333],"texture":"#2"},"south":{"uv":[6.66667,11,7.16667,11.33333],"texture":"#2"},"west":{"uv":[7.33333,11,7.83333,11.33333],"texture":"#2"},"up":{"uv":[14.16667,5.83333,13.66667,5.33333],"texture":"#2"},"down":{"uv":[8.83333,13.66667,8.33333,14.16667],"texture":"#2"}}},{"from":[3,0,3],"to":[13,2,13],"rotation":{"angle":0,"axis":"y","origin":[20,0,4]},"faces":{"north":{"uv":[9.33333,5.33333,12.66667,6],"texture":"#2"},"east":{"uv":[10,1,13.33333,1.66667],"texture":"#2"},"south":{"uv":[10,1.66667,13.33333,2.33333],"texture":"#2"},"west":{"uv":[10,2.33333,13.33333,3],"texture":"#2"},"up":{"uv":[3.33333,3.33333,0,0],"texture":"#2"},"down":{"uv":[3.33333,3.33333,0,6.66667],"texture":"#2"}}},{"from":[4,2,4],"to":[12,5,12],"rotation":{"angle":0,"axis":"y","origin":[20,0,4]},"faces":{"north":{"uv":[8.66667,8.66667,11.33333,9.66667],"texture":"#2"},"east":{"uv":[3.33333,9.33333,6,10.33333],"texture":"#2"},"south":{"uv":[9.33333,3.33333,12,4.33333],"texture":"#2"},"west":{"uv":[9.33333,4.33333,12,5.33333],"texture":"#2"},"up":{"uv":[6,9.33333,3.33333,6.66667],"texture":"#2"},"down":{"uv":[9.33333,3.33333,6.66667,6],"texture":"#2"}}},{"from":[11,2,3],"to":[13,5,5],"rotation":{"angle":0,"axis":"y","origin":[20,0,4]},"faces":{"north":{"uv":[12.66667,0,13.33333,1],"texture":"#2"},"east":{"uv":[12.66667,3.33333,13.33333,4.33333],"texture":"#2"},"south":{"uv":[12.66667,4.33333,13.33333,5.33333],"texture":"#2"},"west":{"uv":[12.66667,8.33333,13.33333,9.33333],"texture":"#2"},"up":{"uv":[12.66667,5.33333,12,4.66667],"texture":"#2"},"down":{"uv":[12,13,11.33333,13.66667],"texture":"#2"}}},{"from":[3,2,3],"to":[5,5,5],"rotation":{"angle":0,"axis":"y","origin":[28,0,4]},"faces":{"north":{"uv":[9.33333,12.66667,10,13.66667],"texture":"#2"},"east":{"uv":[12.66667,9.33333,13.33333,10.33333],"texture":"#2"},"south":{"uv":[10,12.66667,10.66667,13.66667],"texture":"#2"},"west":{"uv":[10.66667,12.66667,11.33333,13.66667],"texture":"#2"},"up":{"uv":[12.66667,13.66667,12,13],"texture":"#2"},"down":{"uv":[14,0,13.33333,0.66667],"texture":"#2"}}},{"from":[3,2,11],"to":[5,5,13],"rotation":{"angle":0,"axis":"y","origin":[28,0,12]},"faces":{"north":{"uv":[12.66667,11.33333,13.33333,12.33333],"texture":"#2"},"east":{"uv":[12.66667,12.33333,13.33333,13.33333],"texture":"#2"},"south":{"uv":[0,13,0.66667,14],"texture":"#2"},"west":{"uv":[0.66667,13,1.33333,14],"texture":"#2"},"up":{"uv":[14,1.33333,13.33333,0.66667],"texture":"#2"},"down":{"uv":[14,1.33333,13.33333,2],"texture":"#2"}}},{"from":[11,2,11],"to":[13,5,13],"rotation":{"angle":0,"axis":"y","origin":[20,0,12]},"faces":{"north":{"uv":[1.33333,13,2,14],"texture":"#2"},"east":{"uv":[2,13,2.66667,14],"texture":"#2"},"south":{"uv":[5.66667,13,6.33333,14],"texture":"#2"},"west":{"uv":[6.33333,13,7,14],"texture":"#2"},"up":{"uv":[14,2.66667,13.33333,2],"texture":"#2"},"down":{"uv":[3.33333,13.33333,2.66667,14],"texture":"#2"}}},{"from":[3,5,3],"to":[13,6,13],"rotation":{"angle":0,"axis":"y","origin":[20,0,4]},"faces":{"north":{"uv":[10,3,13.33333,3.33333],"texture":"#2"},"east":{"uv":[0,11,3.33333,11.33333],"texture":"#2"},"south":{"uv":[0,11.33333,3.33333,11.66667],"texture":"#2"},"west":{"uv":[6,11.33333,9.33333,11.66667],"texture":"#2"},"up":{"uv":[6.66667,3.33333,3.33333,0],"texture":"#2"},"down":{"uv":[6.66667,3.33333,3.33333,6.66667],"texture":"#2"}}},{"from":[6.5,4.5,2.5],"to":[9.5,7.5,4],"rotation":{"angle":0,"axis":"y","origin":[22.5,0,0]},"faces":{"north":{"uv":[3.33333,11,4.33333,12],"texture":"#2"},"east":{"uv":[7,13,7.5,14],"texture":"#2"},"south":{"uv":[11.33333,7.33333,12.33333,8.33333],"texture":"#2"},"west":{"uv":[7.66667,13,8.16667,14],"texture":"#2"},"up":{"uv":[13.66667,5.83333,12.66667,5.33333],"texture":"#2"},"down":{"uv":[9.33333,13,8.33333,13.5],"texture":"#2"}}}],"gui_light":"front","display":{"thirdperson_righthand":{"rotation":[59,0,0],"translation":[0,2.5,1.5],"scale":[0.40625,0.40625,0.40625]},"thirdperson_lefthand":{"rotation":[59,0,0],"translation":[0,2.5,1.5],"scale":[0.40625,0.40625,0.40625]},"firstperson_righthand":{"rotation":[-20,180,0],"translation":[-1.75,5,-3]},"firstperson_lefthand":{"rotation":[-20,180,0],"translation":[-1.75,5,-3]},"ground":{"translation":[0,7.5,0]},"gui":{"rotation":[0,135,0],"translation":[0,1.5,0],"scale":[1.09375,1.09375,1.09375]},"head":{"translation":[0,-20.5,0],"scale":[2.86523,2.86523,2.86523]},"fixed":{"rotation":[-90,0,0],"translation":[0,0,-18.75],"scale":[2.49219,2.49219,2.49219]}}}