{"credit":"Made with Blockbench","texture_size":[32,32],"textures":{"0":"gendrops:10_bat","particle":"gendrops:10_bat"},"elements":[{"name":"torso","from":[6,0,6],"to":[10,6,9],"rotation":{"angle":0,"axis":"y","origin":[8,2.0045,8.85355]},"faces":{"north":{"uv":[0,5,2,8],"texture":"#0"},"east":{"uv":[2,5,3.5,8],"texture":"#0"},"south":{"uv":[5,0,7,3],"texture":"#0"},"west":{"uv":[5,3,6.5,6],"texture":"#0"},"up":{"uv":[2,9.5,0,8],"texture":"#0"},"down":{"uv":[4,8,2,9.5],"texture":"#0"}}},{"name":"torso","from":[10.675,-0.42757,6.22797],"to":[10.675,4.57243,11.22797],"rotation":{"angle":22.5,"axis":"z","origin":[10.025,2.92243,9.02797]},"faces":{"north":{"uv":[0,0,0,2.5],"texture":"#0"},"east":{"uv":[0,0,2.5,2.5],"texture":"#0"},"south":{"uv":[0,0,0,2.5],"texture":"#0"},"west":{"uv":[0,2.5,2.5,5],"texture":"#0"},"up":{"uv":[0,2.5,0,0],"texture":"#0"},"down":{"uv":[0,0,0,2.5],"texture":"#0"}}},{"name":"torso","from":[5.325,-0.42757,6.22797],"to":[5.325,4.57243,11.22797],"rotation":{"angle":-22.5,"axis":"z","origin":[5.975,2.92243,9.02797]},"faces":{"north":{"uv":[0,0,0,2.5],"texture":"#0"},"east":{"uv":[2.5,0,5,2.5],"texture":"#0"},"south":{"uv":[0,0,0,2.5],"texture":"#0"},"west":{"uv":[2.5,2.5,5,5],"texture":"#0"},"up":{"uv":[0,2.5,0,0],"texture":"#0"},"down":{"uv":[0,0,0,2.5],"texture":"#0"}}},{"name":"torso","from":[9.15,0.09,4.7],"to":[10.15,0.09,6.7],"rotation":{"angle":-22.5,"axis":"y","origin":[9.5,0,5.5]},"faces":{"north":{"uv":[0,0,0.5,0],"texture":"#0"},"east":{"uv":[0,0,1,0],"texture":"#0"},"south":{"uv":[0,0,0.5,0],"texture":"#0"},"west":{"uv":[0,0,1,0],"texture":"#0"},"up":{"uv":[4,6,3.5,5],"texture":"#0"},"down":{"uv":[4.5,5,4,6],"texture":"#0"}}},{"name":"torso","from":[5.85,0.09,4.7],"to":[6.85,0.09,6.7],"rotation":{"angle":22.5,"axis":"y","origin":[6.5,0,5.5]},"faces":{"north":{"uv":[0,0,0.5,0],"texture":"#0"},"east":{"uv":[0,0,1,0],"texture":"#0"},"south":{"uv":[0,0,0.5,0],"texture":"#0"},"west":{"uv":[0,0,1,0],"texture":"#0"},"up":{"uv":[5,6,4.5,5],"texture":"#0"},"down":{"uv":[7,5,6.5,6],"texture":"#0"}}},{"name":"torso","from":[5.95,4.775,4.25],"to":[10.05,8.775,8.25],"rotation":{"angle":-22.5,"axis":"x","origin":[8,8,6]},"faces":{"north":{"uv":[3.5,6,5.5,8],"texture":"#0"},"east":{"uv":[5.5,6,7.5,8],"texture":"#0"},"south":{"uv":[6.5,3,8.5,5],"texture":"#0"},"west":{"uv":[7,0,9,2],"texture":"#0"},"up":{"uv":[9.5,7,7.5,5],"texture":"#0"},"down":{"uv":[9.5,7,7.5,9],"texture":"#0"}}},{"name":"torso","from":[5.475,7.62068,6.47417],"to":[7.25,10.62068,7.47417],"rotation":{"angle":-22.5,"axis":"x","origin":[8.975,4.84568,6.22417]},"faces":{"north":{"uv":[4,8,5,9.5],"texture":"#0"},"east":{"uv":[7,8,7.5,9.5],"texture":"#0"},"south":{"uv":[5,8,6,9.5],"texture":"#0"},"west":{"uv":[8.5,3.5,9,5],"texture":"#0"},"up":{"uv":[8,2.5,7,2],"texture":"#0"},"down":{"uv":[8,2.5,7,3],"texture":"#0"}}},{"name":"torso","from":[8.75,7.62068,6.47417],"to":[10.525,10.62068,7.47417],"rotation":{"angle":-22.5,"axis":"x","origin":[7.025,4.84568,6.22417]},"faces":{"north":{"uv":[6,8,7,9.5],"texture":"#0"},"east":{"uv":[9,0,9.5,1.5],"texture":"#0"},"south":{"uv":[8.5,2,9.5,3.5],"texture":"#0"},"west":{"uv":[9,3.5,9.5,5],"texture":"#0"},"up":{"uv":[10,2,9,1.5],"texture":"#0"},"down":{"uv":[8.5,9,7.5,9.5],"texture":"#0"}}}],"display":{"thirdperson_righthand":{"rotation":[24,13,0],"translation":[0,0.75,0.25],"scale":[0.6,0.6,0.6]},"thirdperson_lefthand":{"rotation":[24,13,0],"translation":[0,0.75,0.25],"scale":[0.6,0.6,0.6]},"firstperson_righthand":{"rotation":[0,109,5],"translation":[3.25,6.25,0],"scale":[0.83,0.83,0.83]},"firstperson_lefthand":{"rotation":[0,109,5],"translation":[3.25,5.75,0],"scale":[0.83,0.83,0.83]},"ground":{"translation":[0,3.5,0],"scale":[0.65,0.65,0.65]},"gui":{"rotation":[25,151,0],"translation":[0.25,2.25,0],"scale":[0.72,0.72,0.72]},"head":{"translation":[0,14.4,0]},"fixed":{"rotation":[-90,0,0],"translation":[-0.25,-0.5,-13.75],"scale":[1.7,1.7,1.7]}}}