{"credit":"Made by Nog's Menagerie","texture_size":[32,32],"textures":{"0":"gendrops:18_slime","particle":"gendrops:18_slime"},"elements":[{"name":"head","from":[3,0,3],"to":[13,10,13],"rotation":{"angle":0,"axis":"y","origin":[8,6.26387,8]},"faces":{"north":{"uv":[0,0,5,5],"texture":"#0"},"east":{"uv":[0,5,5,10],"texture":"#0"},"south":{"uv":[5,0,10,5],"texture":"#0"},"west":{"uv":[5,5,10,10],"texture":"#0"},"up":{"uv":[5,15,0,10],"texture":"#0"},"down":{"uv":[15,0,10,5],"texture":"#0"}}}],"display":{"thirdperson_righthand":{"rotation":[24,13,0],"translation":[0,1.25,-0.5],"scale":[0.47,0.47,0.47]},"thirdperson_lefthand":{"rotation":[24,13,0],"translation":[0,1.25,-0.5],"scale":[0.47,0.47,0.47]},"firstperson_righthand":{"rotation":[0,109,5],"translation":[3.25,6.25,0],"scale":[0.63,0.63,0.63]},"firstperson_lefthand":{"rotation":[0,109,5],"translation":[3.25,6.25,0],"scale":[0.63,0.63,0.63]},"ground":{"translation":[0,3.5,0],"scale":[0.65,0.65,0.65]},"gui":{"rotation":[25,151,0],"translation":[0,1.5,0],"scale":[0.52,0.52,0.52]},"head":{"translation":[0,14.4,0]},"fixed":{"rotation":[-90,0,0],"translation":[0,0,-13.5],"scale":[1.7,1.7,1.7]}}}