{"credit":"Made by Nog's Menagerie","texture_size":[32,32],"textures":{"0":"gendrops:23_enderman","particle":"gendrops:23_enderman"},"elements":[{"name":"torso","from":[5.5,0,7.25],"to":[10.5,10,11.25],"rotation":{"angle":0,"axis":"y","origin":[8,2.0045,8.85355]},"faces":{"north":{"uv":[4,0,6.5,5],"texture":"#0"},"east":{"uv":[6.5,9,8.5,14],"texture":"#0"},"south":{"uv":[4,5,6.5,10],"texture":"#0"},"west":{"uv":[8.5,9,10.5,14],"texture":"#0"},"up":{"uv":[2.5,12,0,10],"texture":"#0"},"down":{"uv":[5,10,2.5,12],"texture":"#0"}}},{"name":"head","from":[4,7.85,6.1],"to":[12,13.85,13.1],"rotation":{"angle":-22.5,"axis":"x","origin":[8,7.5,8.25]},"faces":{"north":{"uv":[6.5,0,10.5,3],"texture":"#0"},"east":{"uv":[6.5,6,10,9],"texture":"#0"},"south":{"uv":[6.5,3,10.5,6],"texture":"#0"},"west":{"uv":[0,7,3.5,10],"texture":"#0"},"up":{"uv":[4,3.5,0,0],"texture":"#0"},"down":{"uv":[4,3.5,0,7],"texture":"#0"}}},{"name":"right_arm","from":[11.31931,0.96041,8.25],"to":[13.06931,8.96041,10.25],"rotation":{"angle":22.5,"axis":"z","origin":[12.06931,3.21041,9.25]},"faces":{"north":{"uv":[5,10,6,14],"texture":"#0"},"east":{"uv":[10.5,0,11.5,4],"texture":"#0"},"south":{"uv":[10.5,4,11.5,8],"texture":"#0"},"west":{"uv":[10.5,8,11.5,12],"texture":"#0"},"up":{"uv":[12.5,13,11.5,12],"texture":"#0"},"down":{"uv":[13.5,2,12.5,3],"texture":"#0"}}},{"name":"right_leg","from":[9,0.01,0.25],"to":[11,2.01,8.25],"rotation":{"angle":-22.5,"axis":"y","origin":[8,0.01,6.25]},"faces":{"north":{"uv":[12.5,3,13.5,4],"texture":"#0"},"east":{"uv":[11.5,0,15.5,1],"texture":"#0"},"south":{"uv":[12.5,4,13.5,5],"texture":"#0"},"west":{"uv":[11.5,1,15.5,2],"texture":"#0"},"up":{"uv":[12.5,6,11.5,2],"texture":"#0"},"down":{"uv":[12.5,6,11.5,10],"texture":"#0"}}},{"name":"right_leg","from":[5,0.01,0.25],"to":[7,2.01,8.25],"rotation":{"angle":22.5,"axis":"y","origin":[8,0.01,6.25]},"faces":{"north":{"uv":[12.5,5,13.5,6],"texture":"#0"},"east":{"uv":[11.5,10,15.5,11],"texture":"#0"},"south":{"uv":[12.5,6,13.5,7],"texture":"#0"},"west":{"uv":[11.5,11,15.5,12],"texture":"#0"},"up":{"uv":[1,16,0,12],"texture":"#0"},"down":{"uv":[2,12,1,16],"texture":"#0"}}},{"name":"right_arm","from":[2.93069,0.96041,8.25],"to":[4.68069,8.96041,10.25],"rotation":{"angle":-22.5,"axis":"z","origin":[3.93069,3.21041,9.25]},"faces":{"north":{"uv":[2,12,3,16],"texture":"#0"},"east":{"uv":[3,12,4,16],"texture":"#0"},"south":{"uv":[4,12,5,16],"texture":"#0"},"west":{"uv":[10.5,12,11.5,16],"texture":"#0"},"up":{"uv":[13.5,8,12.5,7],"texture":"#0"},"down":{"uv":[13.5,8,12.5,9],"texture":"#0"}}}],"display":{"thirdperson_righthand":{"rotation":[24,13,0],"translation":[0,0.75,-0.5],"scale":[0.6,0.6,0.6]},"thirdperson_lefthand":{"rotation":[24,13,0],"translation":[0,0.75,-0.5],"scale":[0.6,0.6,0.6]},"firstperson_righthand":{"rotation":[0,109,5],"translation":[3.25,5.75,0],"scale":[0.83,0.83,0.83]},"firstperson_lefthand":{"rotation":[0,109,5],"translation":[3.25,5.75,0],"scale":[0.83,0.83,0.83]},"ground":{"translation":[0,3.5,0],"scale":[0.65,0.65,0.65]},"gui":{"rotation":[25,151,0],"translation":[0.75,0.75,0],"scale":[0.72,0.72,0.72]},"head":{"translation":[0,14.4,0]},"fixed":{"rotation":[-90,0,0],"translation":[0,2.75,-13.5],"scale":[1.7,1.7,1.7]}}}