{"credit":"Made by Nog's Menagerie","texture_size":[128,128],"textures":{"0":"gendrops:24_dragon","particle":"gendrops:24_dragon"},"elements":[{"name":"torso","from":[4,2.03585,16.02694],"to":[12,10.03585,26.02694],"rotation":{"angle":22.5,"axis":"x","origin":[8,5.78585,20.52694]},"faces":{"north":{"uv":[8.5,4.25,9.5,5.25],"texture":"#0"},"east":{"uv":[7.375,7.375,8.625,8.375],"texture":"#0"},"south":{"uv":[0,8.625,1,9.625],"texture":"#0"},"west":{"uv":[0,7.625,1.25,8.625],"texture":"#0"},"up":{"uv":[2.25,8.875,1.25,7.625],"texture":"#0"},"down":{"uv":[3.25,7.625,2.25,8.875],"texture":"#0"}}},{"name":"torso","from":[0,0.21654,24.17321],"to":[11.975,7.71654,30.17321],"rotation":{"angle":0,"axis":"y","origin":[6,3.71654,23.17321]},"faces":{"north":{"uv":[4.625,7.375,6.125,8.25],"texture":"#0"},"east":{"uv":[10.625,4.125,11.375,5],"texture":"#0"},"south":{"uv":[7.375,6.5,8.875,7.375],"texture":"#0"},"west":{"uv":[10.75,9,11.5,9.875],"texture":"#0"},"up":{"uv":[9.125,6,7.625,5.25],"texture":"#0"},"down":{"uv":[9.25,1.375,7.75,2.125],"texture":"#0"}}},{"name":"torso","from":[-7.97487,0.24154,21.66281],"to":[4.02513,6.71654,26.66281],"rotation":{"angle":-45,"axis":"y","origin":[-1.97487,3.96654,24.16281]},"faces":{"north":{"uv":[3.25,8.25,4.75,9],"texture":"#0"},"east":{"uv":[11.125,0.625,11.75,1.375],"texture":"#0"},"south":{"uv":[7,8.375,8.5,9.125],"texture":"#0"},"west":{"uv":[11.125,1.375,11.75,2.125],"texture":"#0"},"up":{"uv":[10.375,6.625,8.875,6],"texture":"#0"},"down":{"uv":[10.375,6.625,8.875,7.25],"texture":"#0"}}},{"name":"torso","from":[-7.98528,0.21654,9.68793],"to":[-2.98528,5.71654,21.68793],"rotation":{"angle":0,"axis":"y","origin":[-4.98528,3.96654,15.68793]},"faces":{"north":{"uv":[11.25,11.375,11.875,12],"texture":"#0"},"east":{"uv":[9,2.125,10.5,2.75],"texture":"#0"},"south":{"uv":[0,11.5,0.625,12.125],"texture":"#0"},"west":{"uv":[9,2.75,10.5,3.375],"texture":"#0"},"up":{"uv":[3.625,10.5,3,9],"texture":"#0"},"down":{"uv":[4.25,9,3.625,10.5],"texture":"#0"}}},{"name":"torso","from":[2,8.91758,2.35968],"to":[14,20.91758,22.35968],"rotation":{"angle":45,"axis":"x","origin":[8,12.41758,10.35968]},"faces":{"north":{"uv":[3.375,5.25,4.875,6.75],"texture":"#0"},"east":{"uv":[0,3.75,2.5,5.25],"texture":"#0"},"south":{"uv":[6.125,5,7.625,6.5],"texture":"#0"},"west":{"uv":[2.5,3.75,5,5.25],"texture":"#0"},"up":{"uv":[6.5,2.5,5,0],"texture":"#0"},"down":{"uv":[6.5,2.5,5,5],"texture":"#0"}}},{"name":"wing","from":[12.36104,16.58484,8.88394],"to":[21.36104,20.58484,12.63394],"rotation":{"angle":-22.5,"axis":"z","origin":[16.86104,18.58484,10.63394]},"faces":{"north":{"uv":[7.625,6,8.75,6.5],"texture":"#0"},"east":{"uv":[9.125,5.5,9.625,6],"texture":"#0"},"south":{"uv":[9.25,1.625,10.375,2.125],"texture":"#0"},"west":{"uv":[11.75,0.625,12.25,1.125],"texture":"#0"},"up":{"uv":[12,7.5,10.875,7],"texture":"#0"},"down":{"uv":[12.125,5.625,11,6.125],"texture":"#0"}}},{"name":"wing","from":[12.36104,18.58484,12.63394],"to":[21.36104,18.58484,31.75],"rotation":{"angle":-22.5,"axis":"z","origin":[16.86104,18.58484,22.31697]},"faces":{"north":{"uv":[0,0,1.125,0],"texture":"#0"},"east":{"uv":[0,0,2.375,0],"texture":"#0"},"south":{"uv":[0,0,1.125,0],"texture":"#0"},"west":{"uv":[0,0,2.375,0],"texture":"#0"},"up":{"uv":[6.125,7.375,5,5],"texture":"#0"},"down":{"uv":[1.125,5.25,0,7.625],"texture":"#0"}}},{"name":"wing","from":[20.91817,1.36968,8.90894],"to":[23.91817,18.36968,12.60894],"rotation":{"angle":22.5,"axis":"z","origin":[21.99426,13.17517,16.42546]},"faces":{"north":{"uv":[4.25,9,4.625,11.125],"texture":"#0"},"east":{"uv":[4.75,8.25,5.25,10.375],"texture":"#0"},"south":{"uv":[8,9.125,8.375,11.25],"texture":"#0"},"west":{"uv":[5.25,8.25,5.75,10.375],"texture":"#0"},"up":{"uv":[1,10.875,0.625,10.375],"texture":"#0"},"down":{"uv":[10.875,2.875,10.5,3.375],"texture":"#0"}}},{"name":"wing","from":[22.69053,2.06573,11.78394],"to":[22.69053,17.16573,31.75],"rotation":{"angle":22.5,"axis":"z","origin":[22.61444,12.81025,16.47546]},"faces":{"north":{"uv":[0,0,0,1.875],"texture":"#0"},"east":{"uv":[0,0,2.5,1.875],"texture":"#0"},"south":{"uv":[0,0,0,1.875],"texture":"#0"},"west":{"uv":[0,1.875,2.5,3.75],"texture":"#0"},"up":{"uv":[0,2.5,0,0],"texture":"#0"},"down":{"uv":[0,0,0,2.5],"texture":"#0"}}},{"name":"wing","from":[-5.36104,16.58484,8.88394],"to":[3.63896,20.58484,12.63394],"rotation":{"angle":22.5,"axis":"z","origin":[-0.86104,18.58484,10.63394]},"faces":{"north":{"uv":[11,6.125,12.125,6.625],"texture":"#0"},"east":{"uv":[11.75,1.125,12.25,1.625],"texture":"#0"},"south":{"uv":[11,9.875,12.125,10.375],"texture":"#0"},"west":{"uv":[11.75,1.625,12.25,2.125],"texture":"#0"},"up":{"uv":[12.125,10.875,11,10.375],"texture":"#0"},"down":{"uv":[12.125,10.875,11,11.375],"texture":"#0"}}},{"name":"wing","from":[-5.36104,18.58484,12.63394],"to":[3.63896,18.58484,31.75],"rotation":{"angle":22.5,"axis":"z","origin":[-0.86104,18.58484,22.31697]},"faces":{"north":{"uv":[0,0,1.125,0],"texture":"#0"},"east":{"uv":[0,0,2.375,0],"texture":"#0"},"south":{"uv":[0,0,1.125,0],"texture":"#0"},"west":{"uv":[0,0,2.375,0],"texture":"#0"},"up":{"uv":[2.25,7.625,1.125,5.25],"texture":"#0"},"down":{"uv":[3.375,5.25,2.25,7.625],"texture":"#0"}}},{"name":"wing","from":[-6.69053,2.06573,11.78394],"to":[-6.69053,17.16573,31.75],"rotation":{"angle":-22.5,"axis":"z","origin":[-6.61444,12.81025,16.47546]},"faces":{"north":{"uv":[0,0,0,1.875],"texture":"#0"},"east":{"uv":[2.5,0,5,1.875],"texture":"#0"},"south":{"uv":[0,0,0,1.875],"texture":"#0"},"west":{"uv":[2.5,1.875,5,3.75],"texture":"#0"},"up":{"uv":[0,2.5,0,0],"texture":"#0"},"down":{"uv":[0,0,0,2.5],"texture":"#0"}}},{"name":"wing","from":[-7.91817,1.36968,8.90894],"to":[-4.91817,18.36968,12.60894],"rotation":{"angle":-22.5,"axis":"z","origin":[-5.99426,13.17517,16.42546]},"faces":{"north":{"uv":[9.5,3.375,9.875,5.5],"texture":"#0"},"east":{"uv":[8.5,2.125,9,4.25],"texture":"#0"},"south":{"uv":[9,9.5,9.375,11.625],"texture":"#0"},"west":{"uv":[8.5,8.375,9,10.5],"texture":"#0"},"up":{"uv":[12.125,4.75,11.75,4.25],"texture":"#0"},"down":{"uv":[12.125,8.125,11.75,8.625],"texture":"#0"}}},{"name":"arm","from":[-0.975,0.59562,1.98751],"to":[1.975,9.59562,6.98751],"rotation":{"angle":22.5,"axis":"x","origin":[-1,4.59562,4.48751]},"faces":{"north":{"uv":[2.125,10.875,2.5,12],"texture":"#0"},"east":{"uv":[6.5,10.25,7.125,11.375],"texture":"#0"},"south":{"uv":[4.25,11.125,4.625,12.25],"texture":"#0"},"west":{"uv":[7.125,10.25,7.75,11.375],"texture":"#0"},"up":{"uv":[5,7.375,4.625,6.75],"texture":"#0"},"down":{"uv":[7.375,7.625,7,8.25],"texture":"#0"}}},{"name":"arm","from":[-2,-0.0566,-3.73352],"to":[3,1.9434,5.26648],"rotation":{"angle":0,"axis":"y","origin":[0.5,3.7944,2.76648]},"faces":{"north":{"uv":[8.625,1,9.25,1.25],"texture":"#0"},"east":{"uv":[3.25,7.875,4.375,8.125],"texture":"#0"},"south":{"uv":[11.875,2.125,12.5,2.375],"texture":"#0"},"west":{"uv":[11,6.625,12.125,6.875],"texture":"#0"},"up":{"uv":[0.625,11.5,0,10.375],"texture":"#0"},"down":{"uv":[5.25,10.375,4.625,11.5],"texture":"#0"}}},{"name":"arm","from":[-1,8.25831,3.71063],"to":[2,17.25831,8.71063],"rotation":{"angle":0,"axis":"y","origin":[0.5,12.25831,6.21063]},"faces":{"north":{"uv":[11.375,3.625,11.75,4.75],"texture":"#0"},"east":{"uv":[10.375,5.875,11,7],"texture":"#0"},"south":{"uv":[6.5,11.375,6.875,12.5],"texture":"#0"},"west":{"uv":[10.375,10.125,11,11.25],"texture":"#0"},"up":{"uv":[6.125,8.875,5.75,8.25],"texture":"#0"},"down":{"uv":[12.125,3.625,11.75,4.25],"texture":"#0"}}},{"name":"arm","from":[13,-0.0566,-3.73352],"to":[18,1.9434,5.26648],"rotation":{"angle":0,"axis":"y","origin":[15.5,3.7944,2.76648]},"faces":{"north":{"uv":[11.875,2.375,12.5,2.625],"texture":"#0"},"east":{"uv":[11.375,4.75,12.5,5],"texture":"#0"},"south":{"uv":[2.5,11.875,3.125,12.125],"texture":"#0"},"west":{"uv":[2.5,11.625,3.625,11.875],"texture":"#0"},"up":{"uv":[11.125,1.75,10.5,0.625],"texture":"#0"},"down":{"uv":[11.125,1.75,10.5,2.875],"texture":"#0"}}},{"name":"arm","from":[14.025,0.59562,1.98751],"to":[16.975,9.59562,6.98751],"rotation":{"angle":22.5,"axis":"x","origin":[17,4.59562,4.48751]},"faces":{"north":{"uv":[6.875,11.375,7.25,12.5],"texture":"#0"},"east":{"uv":[2.5,10.5,3.125,11.625],"texture":"#0"},"south":{"uv":[7.25,11.375,7.625,12.5],"texture":"#0"},"west":{"uv":[3.125,10.5,3.75,11.625],"texture":"#0"},"up":{"uv":[5.5,12.375,5.125,11.75],"texture":"#0"},"down":{"uv":[5.875,11.75,5.5,12.375],"texture":"#0"}}},{"name":"arm","from":[14,8.25831,3.71063],"to":[17,17.25831,8.71063],"rotation":{"angle":0,"axis":"y","origin":[15.5,12.25831,6.21063]},"faces":{"north":{"uv":[11.375,7.5,11.75,8.625],"texture":"#0"},"east":{"uv":[8.375,10.5,9,11.625],"texture":"#0"},"south":{"uv":[10.875,11.375,11.25,12.5],"texture":"#0"},"west":{"uv":[10.75,7.875,11.375,9],"texture":"#0"},"up":{"uv":[6.25,12.375,5.875,11.75],"texture":"#0"},"down":{"uv":[12.125,7.5,11.75,8.125],"texture":"#0"}}},{"name":"leg","from":[14,0.08327,19.74001],"to":[18,11.08327,26.74001],"rotation":{"angle":22.5,"axis":"x","origin":[16,16.08327,23.24001]},"faces":{"north":{"uv":[5.25,10.375,5.75,11.75],"texture":"#0"},"east":{"uv":[7.625,2.5,8.5,3.875],"texture":"#0"},"south":{"uv":[3.75,10.5,4.25,11.875],"texture":"#0"},"west":{"uv":[7.625,3.875,8.5,5.25],"texture":"#0"},"up":{"uv":[9.5,4.25,9,3.375],"texture":"#0"},"down":{"uv":[8.25,11.25,7.75,12.125],"texture":"#0"}}},{"name":"leg","from":[14.025,-0.01319,10.25065],"to":[17.975,4.96181,20.35065],"rotation":{"angle":0,"axis":"y","origin":[16.5125,2.46181,15.30065]},"faces":{"north":{"uv":[2.5,9.875,3,10.5],"texture":"#0"},"east":{"uv":[9.25,1,10.5,1.625],"texture":"#0"},"south":{"uv":[4.625,11.5,5.125,12.125],"texture":"#0"},"west":{"uv":[9.375,9.5,10.625,10.125],"texture":"#0"},"up":{"uv":[2.125,12.125,1.625,10.875],"texture":"#0"},"down":{"uv":[11.375,2.875,10.875,4.125],"texture":"#0"}}},{"name":"leg","from":[12.75,-0.03819,9.25065],"to":[18.75,8.96181,11.25065],"rotation":{"angle":0,"axis":"y","origin":[16,4.46181,10.25065]},"faces":{"north":{"uv":[5.75,9,6.5,10.125],"texture":"#0"},"east":{"uv":[8.25,11.625,8.5,12.75],"texture":"#0"},"south":{"uv":[9,8.375,9.75,9.5],"texture":"#0"},"west":{"uv":[8.5,11.625,8.75,12.75],"texture":"#0"},"up":{"uv":[8.5,2.375,7.75,2.125],"texture":"#0"},"down":{"uv":[10.375,0.625,9.625,0.875],"texture":"#0"}}},{"name":"leg","from":[-2,0.08327,19.74001],"to":[2,11.08327,26.74001],"rotation":{"angle":22.5,"axis":"x","origin":[0,16.08327,23.24001]},"faces":{"north":{"uv":[0.625,10.875,1.125,12.25],"texture":"#0"},"east":{"uv":[6.125,7.625,7,9],"texture":"#0"},"south":{"uv":[1.125,10.875,1.625,12.25],"texture":"#0"},"west":{"uv":[7.75,0,8.625,1.375],"texture":"#0"},"up":{"uv":[10.875,12.125,10.375,11.25],"texture":"#0"},"down":{"uv":[11.875,2.75,11.375,3.625],"texture":"#0"}}},{"name":"leg","from":[-1.975,-0.01319,10.25065],"to":[1.975,4.96181,20.35065],"rotation":{"angle":0,"axis":"y","origin":[-0.5125,2.46181,15.30065]},"faces":{"north":{"uv":[11.5,8.625,12,9.25],"texture":"#0"},"east":{"uv":[9.625,0,10.875,0.625],"texture":"#0"},"south":{"uv":[11.5,9.25,12,9.875],"texture":"#0"},"west":{"uv":[9.625,7.25,10.875,7.875],"texture":"#0"},"up":{"uv":[9.875,12.125,9.375,10.875],"texture":"#0"},"down":{"uv":[10.375,10.875,9.875,12.125],"texture":"#0"}}},{"name":"leg","from":[-2.75,-0.03819,9.25065],"to":[3.25,8.96181,11.25065],"rotation":{"angle":0,"axis":"y","origin":[0,4.46181,10.25065]},"faces":{"north":{"uv":[6.5,9.125,7.25,10.25],"texture":"#0"},"east":{"uv":[8.75,11.625,9,12.75],"texture":"#0"},"south":{"uv":[7.25,9.125,8,10.25],"texture":"#0"},"west":{"uv":[9,11.625,9.25,12.75],"texture":"#0"},"up":{"uv":[12.625,0.25,11.875,0],"texture":"#0"},"down":{"uv":[12.625,0.25,11.875,0.5],"texture":"#0"}}},{"name":"neck","from":[3,12.29671,-9.78135],"to":[13,22.29671,-0.78135],"rotation":{"angle":-22.5,"axis":"x","origin":[8,23.92171,-11.30635]},"faces":{"north":{"uv":[6.5,0,7.75,1.25],"texture":"#0"},"east":{"uv":[6.5,2.5,7.625,3.75],"texture":"#0"},"south":{"uv":[6.5,1.25,7.75,2.5],"texture":"#0"},"west":{"uv":[6.5,3.75,7.625,5],"texture":"#0"},"up":{"uv":[7.375,7.625,6.125,6.5],"texture":"#0"},"down":{"uv":[4.625,6.75,3.375,7.875],"texture":"#0"}}},{"name":"neck","from":[4,22.29671,-6.78135],"to":[6,24.29671,-2.78135],"rotation":{"angle":-22.5,"axis":"x","origin":[8,23.92171,-11.30635]},"faces":{"north":{"uv":[4.375,7.875,4.625,8.125],"texture":"#0"},"east":{"uv":[10.375,7,10.875,7.25],"texture":"#0"},"south":{"uv":[1,8.625,1.25,8.875],"texture":"#0"},"west":{"uv":[10.875,7.5,11.375,7.75],"texture":"#0"},"up":{"uv":[9.875,6,9.625,5.5],"texture":"#0"},"down":{"uv":[8,10.25,7.75,10.75],"texture":"#0"}}},{"name":"neck","from":[10,22.29671,-6.78135],"to":[12,24.29671,-2.78135],"rotation":{"angle":-22.5,"axis":"x","origin":[8,23.92171,-11.30635]},"faces":{"north":{"uv":[9.125,5.25,9.375,5.5],"texture":"#0"},"east":{"uv":[11.875,2.625,12.375,2.875],"texture":"#0"},"south":{"uv":[10.625,9.875,10.875,10.125],"texture":"#0"},"west":{"uv":[11.875,2.875,12.375,3.125],"texture":"#0"},"up":{"uv":[8,11.25,7.75,10.75],"texture":"#0"},"down":{"uv":[6.5,11.75,6.25,12.25],"texture":"#0"}}},{"name":"neck","from":[5,17.29671,-14.975],"to":[6,18.29671,-12.78135],"rotation":{"angle":-22.5,"axis":"x","origin":[8,23.92171,-11.30635]},"faces":{"north":{"uv":[4.875,6.25,5,6.375],"texture":"#0"},"east":{"uv":[7.75,2.375,8,2.5],"texture":"#0"},"south":{"uv":[4.875,6.375,5,6.5],"texture":"#0"},"west":{"uv":[8,2.375,8.25,2.5],"texture":"#0"},"up":{"uv":[5,5.5,4.875,5.25],"texture":"#0"},"down":{"uv":[5,5.5,4.875,5.75],"texture":"#0"}}},{"name":"neck","from":[4,12.29671,-15.975],"to":[12,17.29671,-9.78135],"rotation":{"angle":-22.5,"axis":"x","origin":[8,23.92171,-11.30635]},"faces":{"north":{"uv":[10.875,0,11.875,0.625],"texture":"#0"},"east":{"uv":[11.125,2.125,11.875,2.75],"texture":"#0"},"south":{"uv":[10.875,5,11.875,5.625],"texture":"#0"},"west":{"uv":[5.75,11.125,6.5,11.75],"texture":"#0"},"up":{"uv":[1,10.375,0,9.625],"texture":"#0"},"down":{"uv":[10.75,7.875,9.75,8.625],"texture":"#0"}}},{"name":"neck","from":[10,17.29671,-14.975],"to":[11,18.29671,-12.78135],"rotation":{"angle":-22.5,"axis":"x","origin":[8,23.92171,-11.30635]},"faces":{"north":{"uv":[4.875,6.5,5,6.625],"texture":"#0"},"east":{"uv":[3.25,8.125,3.5,8.25],"texture":"#0"},"south":{"uv":[4.875,6.625,5,6.75],"texture":"#0"},"west":{"uv":[3.5,8.125,3.75,8.25],"texture":"#0"},"up":{"uv":[5,6,4.875,5.75],"texture":"#0"},"down":{"uv":[5,6,4.875,6.25],"texture":"#0"}}},{"name":"neck","from":[7,25.50868,-0.21876],"to":[9,27.50868,3.78124],"rotation":{"angle":0,"axis":"y","origin":[8,29.00868,2.28124]},"faces":{"north":{"uv":[12.125,6.5,12.375,6.75],"texture":"#0"},"east":{"uv":[3.125,11.875,3.625,12.125],"texture":"#0"},"south":{"uv":[7.625,12.125,7.875,12.375],"texture":"#0"},"west":{"uv":[11.875,3.125,12.375,3.375],"texture":"#0"},"up":{"uv":[3.875,12.375,3.625,11.875],"texture":"#0"},"down":{"uv":[4.125,11.875,3.875,12.375],"texture":"#0"}}},{"name":"neck","from":[4.025,17.52366,-1.53472],"to":[11.975,25.52366,4.46528],"rotation":{"angle":0,"axis":"y","origin":[8,22.28059,-0.53472]},"faces":{"north":{"uv":[8.625,0,9.625,1],"texture":"#0"},"east":{"uv":[1,9.875,1.75,10.875],"texture":"#0"},"south":{"uv":[8.625,7.375,9.625,8.375],"texture":"#0"},"west":{"uv":[1.75,9.875,2.5,10.875],"texture":"#0"},"up":{"uv":[10.75,9.375,9.75,8.625],"texture":"#0"},"down":{"uv":[10.875,3.375,9.875,4.125],"texture":"#0"}}},{"name":"neck","from":[7,24.75868,6.03124],"to":[9,26.75868,10.03124],"rotation":{"angle":22.5,"axis":"x","origin":[8,26.50868,6.78124]},"faces":{"north":{"uv":[7.875,12.125,8.125,12.375],"texture":"#0"},"east":{"uv":[11.875,3.375,12.375,3.625],"texture":"#0"},"south":{"uv":[12.125,7.875,12.375,8.125],"texture":"#0"},"west":{"uv":[11.875,5,12.375,5.25],"texture":"#0"},"up":{"uv":[12.125,11.875,11.875,11.375],"texture":"#0"},"down":{"uv":[12.125,11.875,11.875,12.375],"texture":"#0"}}},{"name":"neck","from":[4,18.25,3.81374],"to":[12,26.25,9.81374],"rotation":{"angle":22.5,"axis":"x","origin":[8,24.24905,2.31374]},"faces":{"north":{"uv":[1,8.875,2,9.875],"texture":"#0"},"east":{"uv":[9.875,4.125,10.625,5.125],"texture":"#0"},"south":{"uv":[2,8.875,3,9.875],"texture":"#0"},"west":{"uv":[5.75,10.125,6.5,11.125],"texture":"#0"},"up":{"uv":[10.875,5.875,9.875,5.125],"texture":"#0"},"down":{"uv":[10.375,10.125,9.375,10.875],"texture":"#0"}}},{"name":"neck","from":[7,26.47393,14.94546],"to":[9,28.47393,18.94546],"rotation":{"angle":45,"axis":"x","origin":[13,27.97393,8.94546]},"faces":{"north":{"uv":[12.125,8.125,12.375,8.375],"texture":"#0"},"east":{"uv":[11.875,5.25,12.375,5.5],"texture":"#0"},"south":{"uv":[12.125,8.375,12.375,8.625],"texture":"#0"},"west":{"uv":[12,6.875,12.5,7.125],"texture":"#0"},"up":{"uv":[2.375,12.5,2.125,12],"texture":"#0"},"down":{"uv":[12.25,8.625,12,9.125],"texture":"#0"}}},{"name":"neck","from":[7,26.47393,20.94546],"to":[9,28.47393,24.94546],"rotation":{"angle":45,"axis":"x","origin":[13,27.97393,8.94546]},"faces":{"north":{"uv":[9.25,12.125,9.5,12.375],"texture":"#0"},"east":{"uv":[12,7.125,12.5,7.375],"texture":"#0"},"south":{"uv":[9.5,12.125,9.75,12.375],"texture":"#0"},"west":{"uv":[12,9.125,12.5,9.375],"texture":"#0"},"up":{"uv":[12.25,9.875,12,9.375],"texture":"#0"},"down":{"uv":[11.5,12,11.25,12.5],"texture":"#0"}}},{"name":"neck","from":[3.975,7.71654,26.17321],"to":[7.975,9.71654,28.17321],"rotation":{"angle":0,"axis":"y","origin":[9.975,8.71654,23.17321]},"faces":{"north":{"uv":[0,12.125,0.5,12.375],"texture":"#0"},"east":{"uv":[9.75,12.125,10,12.375],"texture":"#0"},"south":{"uv":[1.625,12.125,2.125,12.375],"texture":"#0"},"west":{"uv":[12.125,9.875,12.375,10.125],"texture":"#0"},"up":{"uv":[2.875,12.375,2.375,12.125],"texture":"#0"},"down":{"uv":[3.375,12.125,2.875,12.375],"texture":"#0"}}},{"name":"neck","from":[-1.025,6.71654,23.17321],"to":[0.975,8.71654,27.17321],"rotation":{"angle":45,"axis":"y","origin":[-3.025,8.71654,27.17321]},"faces":{"north":{"uv":[10,12.125,10.25,12.375],"texture":"#0"},"east":{"uv":[12.125,3.625,12.625,3.875],"texture":"#0"},"south":{"uv":[12.125,10.125,12.375,10.375],"texture":"#0"},"west":{"uv":[12.125,3.875,12.625,4.125],"texture":"#0"},"up":{"uv":[11.75,12.5,11.5,12],"texture":"#0"},"down":{"uv":[3.625,12.125,3.375,12.625],"texture":"#0"}}},{"name":"neck","from":[-6.48528,5.71654,12.68793],"to":[-4.48528,7.71654,16.68793],"rotation":{"angle":0,"axis":"y","origin":[-6.98528,6.71654,11.68793]},"faces":{"north":{"uv":[10.25,12.125,10.5,12.375],"texture":"#0"},"east":{"uv":[12.125,4.125,12.625,4.375],"texture":"#0"},"south":{"uv":[12.125,10.375,12.375,10.625],"texture":"#0"},"west":{"uv":[12.125,4.375,12.625,4.625],"texture":"#0"},"up":{"uv":[4.875,12.625,4.625,12.125],"texture":"#0"},"down":{"uv":[5.125,12.125,4.875,12.625],"texture":"#0"}}},{"name":"neck","from":[7,26.47393,26.94546],"to":[9,28.47393,30.94546],"rotation":{"angle":45,"axis":"x","origin":[13,27.97393,8.94546]},"faces":{"north":{"uv":[10.5,12.125,10.75,12.375],"texture":"#0"},"east":{"uv":[12.125,5.5,12.625,5.75],"texture":"#0"},"south":{"uv":[12.125,10.625,12.375,10.875],"texture":"#0"},"west":{"uv":[12.125,5.75,12.625,6],"texture":"#0"},"up":{"uv":[12.375,6.5,12.125,6],"texture":"#0"},"down":{"uv":[12.375,7.375,12.125,7.875],"texture":"#0"}}}],"display":{"thirdperson_righthand":{"rotation":[71,19,0],"translation":[-0.75,-0.25,-4],"scale":[0.3,0.3,0.3]},"thirdperson_lefthand":{"rotation":[71,19,0],"translation":[-0.75,-0.25,-4],"scale":[0.3,0.3,0.3]},"firstperson_righthand":{"rotation":[0,109,5],"translation":[2.75,2.75,0],"scale":[0.36,0.36,0.36]},"firstperson_lefthand":{"rotation":[0,109,5],"translation":[2.75,2.75,0],"scale":[0.36,0.36,0.36]},"ground":{"translation":[0,0.75,0],"scale":[0.28,0.28,0.28]},"gui":{"rotation":[25,151,0],"translation":[-1.5,-1.25,0],"scale":[0.32,0.32,0.32]},"head":{"translation":[0,14.4,0]},"fixed":{"rotation":[-90,0,0],"translation":[0,-5.75,-15.75],"scale":[2,2,2]}}}