{"credit":"Made by Nog's Menagerie","texture_size":[32,32],"textures":{"0":"gendrops:2_cow","particle":"gendrops:2_cow"},"elements":[{"name":"head","from":[4.5,0,0.25],"to":[11.5,6,6.25],"rotation":{"angle":0,"axis":"y","origin":[8,2.0045,6.85355]},"faces":{"north":{"uv":[0,4,3.5,7],"texture":"#0"},"east":{"uv":[7,3,10,6],"texture":"#0"},"south":{"uv":[3.5,4,7,7],"texture":"#0"},"west":{"uv":[3.5,7,6.5,10],"texture":"#0"},"up":{"uv":[9.5,3,6,0],"texture":"#0"},"down":{"uv":[3.5,7,0,10],"texture":"#0"}}},{"name":"horn_right","from":[11.5,4,2.25],"to":[12.5,7,3.25],"rotation":{"angle":0,"axis":"y","origin":[8,2.0045,6.85355]},"faces":{"north":{"uv":[12,4,12.5,5.5],"texture":"#0"},"east":{"uv":[5,12,5.5,13.5],"texture":"#0"},"south":{"uv":[5.5,12,6,13.5],"texture":"#0"},"west":{"uv":[6,12,6.5,13.5],"texture":"#0"},"up":{"uv":[7,7.5,6.5,7],"texture":"#0"},"down":{"uv":[7,7.5,6.5,8],"texture":"#0"}}},{"name":"horn_left","from":[3.5,4,2.25],"to":[4.5,7,3.25],"rotation":{"angle":0,"axis":"y","origin":[8,2.0045,6.85355]},"faces":{"north":{"uv":[6.5,12,7,13.5],"texture":"#0"},"east":{"uv":[7,12,7.5,13.5],"texture":"#0"},"south":{"uv":[7.5,12,8,13.5],"texture":"#0"},"west":{"uv":[8,12,8.5,13.5],"texture":"#0"},"up":{"uv":[12.5,6,12,5.5],"texture":"#0"},"down":{"uv":[9,12,8.5,12.5],"texture":"#0"}}},{"name":"torso","from":[5,0,6.25],"to":[11,4,14.25],"rotation":{"angle":0,"axis":"y","origin":[8,2.0045,6.85355]},"faces":{"north":{"uv":[9.5,0,12.5,2],"texture":"#0"},"east":{"uv":[7,6,11,8],"texture":"#0"},"south":{"uv":[0,10,3,12],"texture":"#0"},"west":{"uv":[6.5,8,10.5,10],"texture":"#0"},"up":{"uv":[3,4,0,0],"texture":"#0"},"down":{"uv":[6,0,3,4],"texture":"#0"}}},{"name":"tail","from":[7,7.9385,11.34049],"to":[9,7.9385,14.34049],"rotation":{"angle":45,"axis":"x","origin":[8,2.0045,6.85355]},"faces":{"north":{"uv":[0,0,1,0],"texture":"#0"},"east":{"uv":[0,0,1.5,0],"texture":"#0"},"south":{"uv":[0,0,1,0],"texture":"#0"},"west":{"uv":[0,0,1.5,0],"texture":"#0"},"up":{"uv":[12,11.5,11,10],"texture":"#0"},"down":{"uv":[12,11.5,11,13],"texture":"#0"}}},{"name":"right_leg","from":[10.41282,0.009,12.74603],"to":[14.41282,2.009,14.74603],"rotation":{"angle":-22.5,"axis":"y","origin":[11.66282,1.009,13.74603]},"faces":{"north":{"uv":[9.5,2,11.5,3],"texture":"#0"},"east":{"uv":[6,3,7,4],"texture":"#0"},"south":{"uv":[3,10,5,11],"texture":"#0"},"west":{"uv":[11.5,2,12.5,3],"texture":"#0"},"up":{"uv":[12,4,10,3],"texture":"#0"},"down":{"uv":[12,4,10,5],"texture":"#0"}}},{"name":"right_arm","from":[10.54645,0.009,6.43436],"to":[14.54645,2.009,8.43436],"rotation":{"angle":22.5,"axis":"y","origin":[8,2.0045,6.85355]},"faces":{"north":{"uv":[5,10,7,11],"texture":"#0"},"east":{"uv":[0,12,1,13],"texture":"#0"},"south":{"uv":[10,5,12,6],"texture":"#0"},"west":{"uv":[1,12,2,13],"texture":"#0"},"up":{"uv":[9,11,7,10],"texture":"#0"},"down":{"uv":[11,10,9,11],"texture":"#0"}}},{"name":"left_leg","from":[1.58718,0.009,12.74603],"to":[5.58718,2.009,14.74603],"rotation":{"angle":22.5,"axis":"y","origin":[4.33718,1.009,13.74603]},"faces":{"north":{"uv":[10.5,8,12.5,9],"texture":"#0"},"east":{"uv":[2,12,3,13],"texture":"#0"},"south":{"uv":[10.5,9,12.5,10],"texture":"#0"},"west":{"uv":[3,12,4,13],"texture":"#0"},"up":{"uv":[5,12,3,11],"texture":"#0"},"down":{"uv":[7,11,5,12],"texture":"#0"}}},{"name":"left_arm","from":[1.45355,0.009,6.43436],"to":[5.45355,2.009,8.43436],"rotation":{"angle":-22.5,"axis":"y","origin":[8,2.0045,6.85355]},"faces":{"north":{"uv":[11,6,13,7],"texture":"#0"},"east":{"uv":[12,3,13,4],"texture":"#0"},"south":{"uv":[7,11,9,12],"texture":"#0"},"west":{"uv":[4,12,5,13],"texture":"#0"},"up":{"uv":[13,8,11,7],"texture":"#0"},"down":{"uv":[11,11,9,12],"texture":"#0"}}}],"display":{"thirdperson_righthand":{"rotation":[62,14,0],"translation":[0,0.75,3.25],"scale":[0.86,0.86,0.86]},"thirdperson_lefthand":{"rotation":[62,14,0],"translation":[0,0.75,3.25],"scale":[0.86,0.86,0.86]},"firstperson_righthand":{"rotation":[0,109,5],"translation":[0.75,9.75,0],"scale":[0.92,0.92,0.92]},"firstperson_lefthand":{"rotation":[0,109,5],"translation":[0.75,9.75,0],"scale":[0.92,0.92,0.92]},"ground":{"translation":[0,3.5,0],"scale":[0.65,0.65,0.65]},"gui":{"rotation":[25,151,0],"translation":[-0.75,4.75,0],"scale":[0.93,0.93,0.93]},"head":{"translation":[0,14.4,0]},"fixed":{"rotation":[-90,0,0],"translation":[0,0,-13.5],"scale":[1.7,1.7,1.7]}}}