{"credit":"Made by PolygonMC","texture_size":[24,24],"textures":{"0":"littlecatset:backpack","1":"littlecatset:animations/animations_1","particle":"littlecatset:backpack"},"elements":[{"from":[5.5,3.0005,7],"to":[10.5,7.0005,11],"rotation":{"angle":0,"axis":"y","origin":[8,3.0005,9]},"faces":{"north":{"uv":[0,0,3.33333,2.66667],"texture":"#0"},"east":{"uv":[6.66667,0,9.33333,2.66667],"texture":"#0"},"south":{"uv":[0,2.66667,3.33333,5.33333],"texture":"#0"},"west":{"uv":[6.66667,2.66667,9.33333,5.33333],"texture":"#0"},"up":{"uv":[6.66667,2.66667,3.33333,0],"texture":"#0"},"down":{"uv":[6.66667,2.66667,3.33333,5.33333],"texture":"#0"}}},{"from":[5.5,7.0005,7],"to":[10.5,10.5005,10],"rotation":{"angle":0,"axis":"y","origin":[8,3.0005,9]},"faces":{"north":{"uv":[0,5.33333,3.33333,7.66667],"texture":"#0"},"east":{"uv":[6.66667,7.33333,8.66667,9.66667],"texture":"#0"},"south":{"uv":[3.33333,5.33333,6.66667,7.66667],"texture":"#0"},"west":{"uv":[0,8,2,10.33333],"texture":"#0"},"up":{"uv":[10,7.33333,6.66667,5.33333],"texture":"#0"}}},{"from":[6,3.5005,11],"to":[10,5.5005,12.25],"rotation":{"angle":0,"axis":"y","origin":[8,3.0005,9]},"faces":{"east":{"uv":[9.33333,4,10.33333,5.33333],"texture":"#0"},"south":{"uv":[2,8,4.66667,9.33333],"texture":"#0"},"west":{"uv":[8.66667,9.33333,9.66667,10.66667],"texture":"#0"},"up":{"uv":[12,1,9.33333,0],"texture":"#0"},"down":{"uv":[12,1.33333,9.33333,2.33333],"texture":"#0"}}},{"from":[4.25,3.5005,8],"to":[5.5,5.5005,10],"rotation":{"angle":0,"axis":"y","origin":[8,3.0005,9]},"faces":{"north":{"uv":[4.66667,10,5.66667,11.33333],"texture":"#0"},"south":{"uv":[10,5.33333,11,6.66667],"texture":"#0"},"west":{"uv":[9.33333,2.66667,10.66667,4],"texture":"#0"},"up":{"uv":[7,11.33333,6,10],"texture":"#0"},"down":{"uv":[8.33333,10,7.33333,11.33333],"texture":"#0"}}},{"from":[10.5,3.5005,8],"to":[11.75,5.5005,10],"rotation":{"angle":0,"axis":"y","origin":[8,3.0005,9]},"faces":{"north":{"uv":[5.66667,10,4.66667,11.33333],"texture":"#0"},"east":{"uv":[10.66667,2.66667,9.33333,4],"texture":"#0"},"south":{"uv":[11,5.33333,10,6.66667],"texture":"#0"},"up":{"uv":[6,11.33333,7,10],"texture":"#0"},"down":{"uv":[7.33333,10,8.33333,11.33333],"texture":"#0"}}},{"from":[7.86371,9.9069,9.75],"to":[10.36371,12.9069,9.8],"rotation":{"angle":22.5,"axis":"z","origin":[7.9,3.7505,9]},"faces":{"north":{"uv":[11.33333,5,13,7],"texture":"#0"},"south":{"uv":[11.33333,2.66667,13,4.66667],"texture":"#0"}}},{"from":[5.63629,9.9069,9.75],"to":[8.13629,12.9069,9.8],"rotation":{"angle":-22.5,"axis":"z","origin":[8.1,3.7505,9]},"faces":{"north":{"uv":[13,5,11.33333,7],"texture":"#0"},"south":{"uv":[13,2.66667,11.33333,4.66667],"texture":"#0"}}},{"from":[5.5,11.4995,4.25],"to":[6.5,11.4995,7],"rotation":{"angle":0,"axis":"x","origin":[8,3.5005,9]},"faces":{"north":{"uv":[0,0,0.66667,0],"texture":"#0"},"east":{"uv":[0,0,2,0],"texture":"#0"},"south":{"uv":[0,0,0.66667,0],"texture":"#0"},"west":{"uv":[0,0,2,0],"texture":"#0"},"up":{"uv":[10.66667,11.33333,10,9.33333],"texture":"#0"},"down":{"uv":[10.66667,9.33333,10,11.33333],"texture":"#0"}}},{"from":[5.5,5.4995,4.25],"to":[6.5,5.4995,7],"rotation":{"angle":0,"axis":"x","origin":[8,-2.4995,9]},"faces":{"north":{"uv":[0,0,0.66667,0],"texture":"#0"},"east":{"uv":[0,0,2,0],"texture":"#0"},"south":{"uv":[0,0,0.66667,0],"texture":"#0"},"west":{"uv":[0,0,2,0],"texture":"#0"},"up":{"uv":[10.66667,11.33333,10,9.33333],"texture":"#0"},"down":{"uv":[10.66667,9.33333,10,11.33333],"texture":"#0"}}},{"from":[5.5,10.5005,7],"to":[6.5,11.5005,7],"rotation":{"angle":0,"axis":"y","origin":[8,3.5005,9]},"faces":{"north":{"uv":[10.66667,6.66667,10,7.33333],"texture":"#0"},"east":{"uv":[0,0,0,0.66667],"texture":"#0"},"south":{"uv":[10,6.66667,10.66667,7.33333],"texture":"#0"},"west":{"uv":[0,0,0,0.66667],"texture":"#0"},"up":{"uv":[0.66667,0,0,0],"texture":"#0"},"down":{"uv":[0.66667,0,0,0],"texture":"#0"}}},{"from":[5.5,5.5005,4.25],"to":[6.5,11.5005,4.25],"rotation":{"angle":0,"axis":"y","origin":[8,3.5005,9]},"faces":{"north":{"uv":[0.33333,10.66667,1,14.66667],"texture":"#0"},"east":{"uv":[0,0,0,4],"texture":"#0"},"south":{"uv":[1,10.66667,0.33333,14.66667],"texture":"#0"},"west":{"uv":[0,0,0,4],"texture":"#0"},"up":{"uv":[0.66667,0,0,0],"texture":"#0"},"down":{"uv":[0.66667,0,0,0],"texture":"#0"}}},{"from":[9.5,10.5005,7],"to":[10.5,11.5005,7],"rotation":{"angle":0,"axis":"y","origin":[8,3.5005,9]},"faces":{"north":{"uv":[10,6.66667,10.66667,7.33333],"texture":"#0"},"east":{"uv":[0,0,0,0.66667],"texture":"#0"},"south":{"uv":[10.66667,6.66667,10,7.33333],"texture":"#0"},"west":{"uv":[0,0,0,0.66667],"texture":"#0"},"up":{"uv":[0,0,0.66667,0],"texture":"#0"},"down":{"uv":[0,0,0.66667,0],"texture":"#0"}}},{"from":[9.5,11.4995,4.25],"to":[10.5,11.4995,7],"rotation":{"angle":0,"axis":"x","origin":[8,3.5005,9]},"faces":{"north":{"uv":[0.66667,0,0,0],"texture":"#0"},"east":{"uv":[2,0,0,0],"texture":"#0"},"south":{"uv":[0.66667,0,0,0],"texture":"#0"},"west":{"uv":[2,0,0,0],"texture":"#0"},"up":{"uv":[10,11.33333,10.66667,9.33333],"texture":"#0"},"down":{"uv":[10,9.33333,10.66667,11.33333],"texture":"#0"}}},{"from":[9.5,5.5005,4.25],"to":[10.5,11.5005,4.25],"rotation":{"angle":0,"axis":"y","origin":[8,3.5005,9]},"faces":{"north":{"uv":[1,10.66667,0.33333,14.66667],"texture":"#0"},"east":{"uv":[0,0,0,4],"texture":"#0"},"south":{"uv":[0.33333,10.66667,1,14.66667],"texture":"#0"},"west":{"uv":[0,0,0,4],"texture":"#0"},"up":{"uv":[0,0,0.66667,0],"texture":"#0"},"down":{"uv":[0,0,0.66667,0],"texture":"#0"}}},{"from":[9.5,5.4995,4.25],"to":[10.5,5.4995,7],"rotation":{"angle":0,"axis":"x","origin":[8,-2.4995,9]},"faces":{"north":{"uv":[0.66667,0,0,0],"texture":"#0"},"east":{"uv":[2,0,0,0],"texture":"#0"},"south":{"uv":[0.66667,0,0,0],"texture":"#0"},"west":{"uv":[2,0,0,0],"texture":"#0"},"up":{"uv":[10,11.33333,10.66667,9.33333],"texture":"#0"},"down":{"uv":[10,9.33333,10.66667,11.33333],"texture":"#0"}}},{"from":[6.5,10.5005,8.425],"to":[9.5,12.0005,8.475],"rotation":{"angle":0,"axis":"y","origin":[8,3.5005,9.175]},"faces":{"north":{"uv":[14.33333,0,12.33333,1],"texture":"#0"},"south":{"uv":[12.33333,0,14.33333,1],"texture":"#0"}}},{"from":[4,6.5,10.225],"to":[12,14.5,10.275],"rotation":{"angle":0,"axis":"z","origin":[8,10.5,10.25]},"faces":{"north":{"uv":[0,0,16,16],"texture":"#1"},"south":{"uv":[16,0,0,16],"texture":"#1"}}}],"gui_light":"front","display":{"thirdperson_righthand":{"rotation":[47,180,0],"translation":[0,-1.25,-1.5]},"thirdperson_lefthand":{"rotation":[67.5,0,0],"translation":[-5.5,-6.5,8.75],"scale":[1.55469,1.55469,1.55469]},"firstperson_righthand":{"rotation":[-19,0,0],"translation":[-2,5.75,1.25]},"firstperson_lefthand":{"rotation":[-19,0,0],"translation":[-2,5.75,1.25],"scale":[0,0,0]},"ground":{"rotation":[-30,0,0],"translation":[0,4.5,0]},"gui":{"rotation":[0,-25,0],"translation":[0,0.25,0],"scale":[1.70898,1.70898,1.70898]},"head":{"translation":[0,-50.5,6],"scale":[2.56445,2.56445,2.56445]},"fixed":{"rotation":[-90,180,0],"translation":[0,4.5,-13],"scale":[2.77344,2.77344,2.77344]}}}