{"credit":"Made by PolygonMC","texture_size":[24,24],"textures":{"1":"littlecatset:hammer","2":"littlecatset:animations/animations_2","particle":"littlecatset:animations/animations_2"},"elements":[{"from":[7.5,7.5,7.5],"to":[8.5,8.5,8.5],"rotation":{"angle":0,"axis":"y","origin":[7.5,2.25,7.5]},"faces":{"north":{"uv":[12,3.33333,12.66667,4],"texture":"#1"},"east":{"uv":[4,12,4.66667,12.66667],"texture":"#1"},"south":{"uv":[12,4,12.66667,4.66667],"texture":"#1"},"west":{"uv":[4.66667,12,5.33333,12.66667],"texture":"#1"},"up":{"uv":[12.66667,5.33333,12,4.66667],"texture":"#1"}}},{"from":[7.5,10,7.5],"to":[8.5,11.5,8.5],"rotation":{"angle":0,"axis":"y","origin":[7.5,4.75,7.5]},"faces":{"north":{"uv":[0,12,0.66667,13],"texture":"#1"},"east":{"uv":[12,0,12.66667,1],"texture":"#1"},"south":{"uv":[0.66667,12,1.33333,13],"texture":"#1"},"west":{"uv":[1.33333,12,2,13],"texture":"#1"},"up":{"uv":[6,12.66667,5.33333,12],"texture":"#1"},"down":{"uv":[12.66667,5.33333,12,6],"texture":"#1"}}},{"from":[7.5,12,7.5],"to":[8.5,12.5,8.5],"rotation":{"angle":0,"axis":"y","origin":[7.5,6.75,7.5]},"faces":{"north":{"uv":[12.66667,2,13.33333,2.33333],"texture":"#1"},"east":{"uv":[2.66667,12.66667,3.33333,13],"texture":"#1"},"south":{"uv":[12.66667,2.66667,13.33333,3],"texture":"#1"},"west":{"uv":[3.33333,12.66667,4,13],"texture":"#1"}}},{"from":[7.5,15.25,7.5],"to":[8.5,15.75,8.5],"rotation":{"angle":0,"axis":"y","origin":[7.5,6.75,7.5]},"faces":{"north":{"uv":[12.66667,3.33333,13.33333,3.66667],"texture":"#1"},"east":{"uv":[4,12.66667,4.66667,13],"texture":"#1"},"south":{"uv":[12.66667,4,13.33333,4.33333],"texture":"#1"},"west":{"uv":[4.66667,12.66667,5.33333,13],"texture":"#1"}}},{"from":[7.4,12.5,7.4],"to":[8.6,15.25,8.6],"rotation":{"angle":0,"axis":"y","origin":[7.5,10,7.5]},"faces":{"north":{"uv":[8.66667,1.33333,9.33333,3.33333],"texture":"#1"},"east":{"uv":[8.66667,3.33333,9.33333,5.33333],"texture":"#1"},"south":{"uv":[4.66667,8.66667,5.33333,10.66667],"texture":"#1"},"west":{"uv":[5.33333,8.66667,6,10.66667],"texture":"#1"},"up":{"uv":[12.66667,6.66667,12,6],"texture":"#1"},"down":{"uv":[12.66667,6.66667,12,7.33333],"texture":"#1"}}},{"from":[7.5,6.5,7.5],"to":[8.5,7,8.5],"rotation":{"angle":0,"axis":"y","origin":[7.5,6.75,7.5]},"faces":{"north":{"uv":[12.66667,4.66667,13.33333,5],"texture":"#1"},"east":{"uv":[5.33333,12.66667,6,13],"texture":"#1"},"south":{"uv":[12.66667,5.33333,13.33333,5.66667],"texture":"#1"},"west":{"uv":[6,12.66667,6.66667,13],"texture":"#1"}}},{"from":[7.4,0.75,7.4],"to":[8.6,6.5,8.6],"rotation":{"angle":0,"axis":"y","origin":[7.5,10,7.5]},"faces":{"north":{"uv":[2.66667,6,3.33333,10],"texture":"#1"},"east":{"uv":[3.33333,6,4,10],"texture":"#1"},"south":{"uv":[6,3.33333,6.66667,7.33333],"texture":"#1"},"west":{"uv":[4,6,4.66667,10],"texture":"#1"},"up":{"uv":[8.66667,12.66667,8,12],"texture":"#1"},"down":{"uv":[12.66667,8.66667,12,9.33333],"texture":"#1"}}},{"from":[7.5,9,7.5],"to":[8.5,9.5,8.5],"rotation":{"angle":0,"axis":"y","origin":[7.5,3.75,7.5]},"faces":{"north":{"uv":[12.66667,6,13.33333,6.33333],"texture":"#1"},"east":{"uv":[6.66667,12.66667,7.33333,13],"texture":"#1"},"south":{"uv":[12.66667,6.66667,13.33333,7],"texture":"#1"},"west":{"uv":[7.33333,12.66667,8,13],"texture":"#1"},"up":{"uv":[10,12.66667,9.33333,12],"texture":"#1"},"down":{"uv":[12.66667,9.33333,12,10],"texture":"#1"}}},{"from":[7.4,11.5,7.4],"to":[8.6,12,8.6],"rotation":{"angle":0,"axis":"y","origin":[7.5,6.25,7.5]},"faces":{"north":{"uv":[12.66667,7.33333,13.33333,7.66667],"texture":"#1"},"east":{"uv":[8,12.66667,8.66667,13],"texture":"#1"},"south":{"uv":[12.66667,8,13.33333,8.33333],"texture":"#1"},"west":{"uv":[8.66667,12.66667,9.33333,13],"texture":"#1"},"up":{"uv":[10.66667,12.66667,10,12],"texture":"#1"},"down":{"uv":[12.66667,10,12,10.66667],"texture":"#1"}}},{"from":[7.4,7,7.4],"to":[8.6,7.5,8.6],"rotation":{"angle":0,"axis":"y","origin":[7.5,1.75,7.5]},"faces":{"north":{"uv":[12.66667,8.66667,13.33333,9],"texture":"#1"},"east":{"uv":[9.33333,12.66667,10,13],"texture":"#1"},"south":{"uv":[12.66667,9.33333,13.33333,9.66667],"texture":"#1"},"west":{"uv":[10,12.66667,10.66667,13],"texture":"#1"},"up":{"uv":[12,12.66667,11.33333,12],"texture":"#1"},"down":{"uv":[12.66667,12,12,12.66667],"texture":"#1"}}},{"from":[7.6,8.5,7.6],"to":[8.4,9,8.4],"rotation":{"angle":0,"axis":"y","origin":[7.5,3.25,7.5]},"faces":{"north":{"uv":[12.66667,10,13.33333,10.33333],"texture":"#1"},"east":{"uv":[10.66667,12.66667,11.33333,13],"texture":"#1"},"south":{"uv":[12.66667,10.66667,13.33333,11],"texture":"#1"},"west":{"uv":[11.33333,12.66667,12,13],"texture":"#1"}}},{"from":[7.6,9.5,7.6],"to":[8.4,10,8.4],"rotation":{"angle":0,"axis":"y","origin":[7.5,4.25,7.5]},"faces":{"north":{"uv":[12.66667,11.33333,13.33333,11.66667],"texture":"#1"},"east":{"uv":[12,12.66667,12.66667,13],"texture":"#1"},"south":{"uv":[12.66667,12,13.33333,12.33333],"texture":"#1"},"west":{"uv":[12.66667,12.66667,13.33333,13],"texture":"#1"}}},{"from":[7.37,0.17,7.37],"to":[8.63,1.43,8.63],"rotation":{"angle":-45,"axis":"x","origin":[8,0.8,8]},"faces":{"north":{"uv":[8.66667,10,9.66667,11],"texture":"#1"},"east":{"uv":[10,10,11,11],"texture":"#1"},"south":{"uv":[0,10.66667,1,11.66667],"texture":"#1"},"west":{"uv":[10.66667,1.33333,11.66667,2.33333],"texture":"#1"},"up":{"uv":[11.66667,3.66667,10.66667,2.66667],"texture":"#1"},"down":{"uv":[11.66667,4,10.66667,5],"texture":"#1"}}},{"from":[7.3,15.65,7],"to":[8.7,17.65,9],"rotation":{"angle":-45,"axis":"x","origin":[8,16.65,8]},"faces":{"north":{"uv":[8,8.66667,9,10],"texture":"#1"},"east":{"uv":[8,6,9.33333,7.33333],"texture":"#1"},"south":{"uv":[9.33333,1.33333,10.33333,2.66667],"texture":"#1"},"west":{"uv":[6.66667,8,8,9.33333],"texture":"#1"},"up":{"uv":[10.33333,4,9.33333,2.66667],"texture":"#1"},"down":{"uv":[10.33333,4,9.33333,5.33333],"texture":"#1"}}},{"from":[7.1,15.95,7.3],"to":[8.9,17.35,8.7],"rotation":{"angle":-45,"axis":"x","origin":[8,16.65,8]},"faces":{"north":{"uv":[9.33333,5.33333,10.66667,6.33333],"texture":"#1"},"east":{"uv":[4.66667,10.66667,5.66667,11.66667],"texture":"#1"},"south":{"uv":[6,9.33333,7.33333,10.33333],"texture":"#1"},"west":{"uv":[10.66667,5.33333,11.66667,6.33333],"texture":"#1"},"up":{"uv":[10.66667,7.66667,9.33333,6.66667],"texture":"#1"},"down":{"uv":[10.66667,8,9.33333,9],"texture":"#1"}}},{"from":[7.5,13.21589,1.44904],"to":[8.5,14.21589,3.44904],"rotation":{"angle":-22.5,"axis":"x","origin":[8,13.86036,1.73535]},"faces":{"east":{"uv":[6,10.66667,7.33333,11.33333],"texture":"#1"},"south":{"uv":[12.66667,0,13.33333,0.66667],"texture":"#1"},"west":{"uv":[10.66667,6.66667,12,7.33333],"texture":"#1"},"up":{"uv":[2,12,1.33333,10.66667],"texture":"#1"},"down":{"uv":[11.33333,7.33333,10.66667,8.66667],"texture":"#1"}}},{"from":[7.7,13.33234,0.3028],"to":[8.3,14.33234,2.8528],"rotation":{"angle":22.5,"axis":"x","origin":[8,13.86036,1.73535]},"faces":{"east":{"uv":[9.33333,9.33333,11,10],"texture":"#1"},"south":{"uv":[0,13.33333,0.33333,14],"texture":"#1"},"west":{"uv":[0,10,1.66667,10.66667],"texture":"#1"},"up":{"uv":[12.33333,3,12,1.33333],"texture":"#1"},"down":{"uv":[2.33333,12,2,13.66667],"texture":"#1"}}},{"from":[7.4,13.06694,0.63128],"to":[8.6,15.46694,1.63128],"rotation":{"angle":-45,"axis":"x","origin":[8,13.86036,1.73535]},"faces":{"north":{"uv":[7.33333,9.33333,8,11],"texture":"#1"},"east":{"uv":[2,10,2.66667,11.66667],"texture":"#1"},"south":{"uv":[2.66667,10,3.33333,11.66667],"texture":"#1"},"west":{"uv":[3.33333,10,4,11.66667],"texture":"#1"},"up":{"uv":[13.33333,1.33333,12.66667,0.66667],"texture":"#1"},"down":{"uv":[13.33333,1.33333,12.66667,2],"texture":"#1"}}},{"from":[7.5,19.08411,1.44904],"to":[8.5,20.08411,3.44904],"rotation":{"angle":22.5,"axis":"x","origin":[8,19.43964,1.73535]},"faces":{"east":{"uv":[6,11.33333,7.33333,10.66667],"texture":"#1"},"south":{"uv":[12.66667,0.66667,13.33333,0],"texture":"#1"},"west":{"uv":[10.66667,7.33333,12,6.66667],"texture":"#1"},"up":{"uv":[11.33333,8.66667,10.66667,7.33333],"texture":"#1"},"down":{"uv":[2,10.66667,1.33333,12],"texture":"#1"}}},{"from":[7.7,18.96766,0.3028],"to":[8.3,19.96766,2.8528],"rotation":{"angle":-22.5,"axis":"x","origin":[8,19.43964,1.73535]},"faces":{"east":{"uv":[9.33333,10,11,9.33333],"texture":"#1"},"south":{"uv":[0,14,0.33333,13.33333],"texture":"#1"},"west":{"uv":[0,10.66667,1.66667,10],"texture":"#1"},"up":{"uv":[2.33333,13.66667,2,12],"texture":"#1"},"down":{"uv":[12.33333,1.33333,12,3],"texture":"#1"}}},{"from":[7.4,17.83306,0.63128],"to":[8.6,20.23306,1.63128],"rotation":{"angle":45,"axis":"x","origin":[8,19.43964,1.73535]},"faces":{"north":{"uv":[7.33333,11,8,9.33333],"texture":"#1"},"east":{"uv":[2,11.66667,2.66667,10],"texture":"#1"},"south":{"uv":[2.66667,11.66667,3.33333,10],"texture":"#1"},"west":{"uv":[3.33333,11.66667,4,10],"texture":"#1"},"up":{"uv":[13.33333,2,12.66667,1.33333],"texture":"#1"},"down":{"uv":[13.33333,0.66667,12.66667,1.33333],"texture":"#1"}}},{"from":[4.77824,16.15,0.38149],"to":[5.77824,17.15,2.38149],"rotation":{"angle":22.5,"axis":"y","origin":[8,16.65,1.73535]},"faces":{"east":{"uv":[2,10.66667,1.33333,12],"rotation":270,"texture":"#1"},"south":{"uv":[12.66667,0.66667,13.33333,0],"rotation":270,"texture":"#1"},"west":{"uv":[11.33333,8.66667,10.66667,7.33333],"rotation":270,"texture":"#1"},"up":{"uv":[6,11.33333,7.33333,10.66667],"rotation":270,"texture":"#1"},"down":{"uv":[10.66667,7.33333,12,6.66667],"rotation":270,"texture":"#1"}}},{"from":[4.89468,16.35,1.37035],"to":[5.89468,16.95,3.92035],"rotation":{"angle":-22.5,"axis":"y","origin":[8,16.65,1.73535]},"faces":{"east":{"uv":[12.33333,1.33333,12,3],"rotation":270,"texture":"#1"},"south":{"uv":[0,14,0.33333,13.33333],"rotation":270,"texture":"#1"},"west":{"uv":[2.33333,13.66667,2,12],"rotation":270,"texture":"#1"},"up":{"uv":[9.33333,10,11,9.33333],"rotation":270,"texture":"#1"},"down":{"uv":[0,10.66667,1.66667,10],"rotation":270,"texture":"#1"}}},{"from":[5.23401,16.05,-1.34129],"to":[7.63401,17.25,-0.34129],"rotation":{"angle":45,"axis":"y","origin":[8,16.65,1.73535]},"faces":{"north":{"uv":[7.33333,11,8,9.33333],"rotation":90,"texture":"#1"},"east":{"uv":[13.33333,0.66667,12.66667,1.33333],"rotation":270,"texture":"#1"},"south":{"uv":[2.66667,11.66667,3.33333,10],"rotation":270,"texture":"#1"},"west":{"uv":[13.33333,2,12.66667,1.33333],"rotation":270,"texture":"#1"},"up":{"uv":[2,11.66667,2.66667,10],"rotation":270,"texture":"#1"},"down":{"uv":[3.33333,11.66667,4,10],"rotation":270,"texture":"#1"}}},{"from":[10.10532,16.35,1.37035],"to":[11.10532,16.95,3.92035],"rotation":{"angle":22.5,"axis":"y","origin":[8,16.65,1.73535]},"faces":{"east":{"uv":[2.33333,12,2,13.66667],"rotation":270,"texture":"#1"},"south":{"uv":[0,13.33333,0.33333,14],"rotation":270,"texture":"#1"},"west":{"uv":[12.33333,3,12,1.33333],"rotation":270,"texture":"#1"},"up":{"uv":[9.33333,9.33333,11,10],"rotation":270,"texture":"#1"},"down":{"uv":[0,10,1.66667,10.66667],"rotation":270,"texture":"#1"}}},{"from":[8.36599,16.05,-1.34129],"to":[10.76599,17.25,-0.34129],"rotation":{"angle":-45,"axis":"y","origin":[8,16.65,1.73535]},"faces":{"north":{"uv":[7.33333,9.33333,8,11],"rotation":90,"texture":"#1"},"east":{"uv":[13.33333,1.33333,12.66667,2],"rotation":270,"texture":"#1"},"south":{"uv":[2.66667,10,3.33333,11.66667],"rotation":270,"texture":"#1"},"west":{"uv":[13.33333,1.33333,12.66667,0.66667],"rotation":270,"texture":"#1"},"up":{"uv":[2,10,2.66667,11.66667],"rotation":270,"texture":"#1"},"down":{"uv":[3.33333,10,4,11.66667],"rotation":270,"texture":"#1"}}},{"from":[10.22176,16.15,0.38149],"to":[11.22176,17.15,2.38149],"rotation":{"angle":-22.5,"axis":"y","origin":[8,16.65,1.73535]},"faces":{"east":{"uv":[11.33333,7.33333,10.66667,8.66667],"rotation":270,"texture":"#1"},"south":{"uv":[12.66667,0,13.33333,0.66667],"rotation":270,"texture":"#1"},"west":{"uv":[2,12,1.33333,10.66667],"rotation":270,"texture":"#1"},"up":{"uv":[6,10.66667,7.33333,11.33333],"rotation":270,"texture":"#1"},"down":{"uv":[10.66667,6.66667,12,7.33333],"rotation":270,"texture":"#1"}}},{"from":[7,15.65,6.25],"to":[9,17.65,7.25],"rotation":{"angle":-45,"axis":"z","origin":[8,16.65,6.25]},"faces":{"east":{"uv":[6,11.33333,6.66667,12.66667],"texture":"#1"},"south":{"uv":[8,7.33333,9.33333,8.66667],"texture":"#1"},"west":{"uv":[6.66667,11.33333,7.33333,12.66667],"texture":"#1"},"up":{"uv":[12,9.33333,10.66667,8.66667],"texture":"#1"},"down":{"uv":[12.66667,7.33333,11.33333,8],"texture":"#1"}}},{"from":[6.75,15.4,3.25],"to":[9.25,17.9,4.25],"rotation":{"angle":-45,"axis":"z","origin":[8,16.65,3.25]},"faces":{"east":{"uv":[4,10,4.66667,11.66667],"texture":"#1"},"west":{"uv":[8,10,8.66667,11.66667],"texture":"#1"},"up":{"uv":[11.66667,0.66667,10,0],"texture":"#1"},"down":{"uv":[11.66667,0.66667,10,1.33333],"texture":"#1"}}},{"from":[6.5,15.15,4.25],"to":[9.5,18.15,6.25],"rotation":{"angle":-45,"axis":"z","origin":[8,16.65,5.25]},"faces":{"north":{"uv":[2.66667,0,4.66667,2],"texture":"#1"},"east":{"uv":[0,6.66667,1.33333,8.66667],"texture":"#1"},"south":{"uv":[2.66667,2,4.66667,4],"texture":"#1"},"west":{"uv":[6.66667,0,8,2],"texture":"#1"},"up":{"uv":[8.66667,4.66667,6.66667,3.33333],"texture":"#1"},"down":{"uv":[8.66667,4.66667,6.66667,6],"texture":"#1"}}},{"from":[6.5,15.15,9.75],"to":[9.5,18.15,11.75],"rotation":{"angle":-45,"axis":"z","origin":[8,16.65,10.75]},"faces":{"north":{"uv":[4.66667,2,2.66667,4],"texture":"#1"},"east":{"uv":[1.33333,6.66667,0,8.66667],"texture":"#1"},"south":{"uv":[4.66667,0,2.66667,2],"texture":"#1"},"west":{"uv":[8,0,6.66667,2],"texture":"#1"},"up":{"uv":[8.66667,3.33333,6.66667,4.66667],"texture":"#1"},"down":{"uv":[8.66667,6,6.66667,4.66667],"texture":"#1"}}},{"from":[7,15.65,8.75],"to":[9,17.65,9.75],"rotation":{"angle":-45,"axis":"z","origin":[8,16.65,9.75]},"faces":{"north":{"uv":[9.33333,7.33333,8,8.66667],"texture":"#1"},"east":{"uv":[6.66667,11.33333,6,12.66667],"texture":"#1"},"west":{"uv":[7.33333,11.33333,6.66667,12.66667],"texture":"#1"},"up":{"uv":[12,8.66667,10.66667,9.33333],"texture":"#1"},"down":{"uv":[12.66667,8,11.33333,7.33333],"texture":"#1"}}},{"from":[7,15.65,11.75],"to":[9,17.65,12.75],"rotation":{"angle":-45,"axis":"z","origin":[8,16.65,12.75]},"faces":{"east":{"uv":[11.33333,9.33333,12,10.66667],"texture":"#1"},"south":{"uv":[1.33333,8.66667,2.66667,10],"texture":"#1"},"west":{"uv":[10.66667,11.33333,11.33333,12.66667],"texture":"#1"},"up":{"uv":[12.66667,11.33333,11.33333,10.66667],"texture":"#1"},"down":{"uv":[12.66667,11.33333,11.33333,12],"texture":"#1"}}},{"from":[7.5,16.15,12.75],"to":[8.5,17.15,13.75],"rotation":{"angle":-45,"axis":"z","origin":[8,16.65,13.75]},"faces":{"east":{"uv":[8,1.33333,8.66667,2],"texture":"#1"},"south":{"uv":[8.66667,5.33333,9.33333,6],"texture":"#1"},"west":{"uv":[6,8.66667,6.66667,9.33333],"texture":"#1"},"up":{"uv":[3.33333,12.66667,2.66667,12],"texture":"#1"},"down":{"uv":[4,12,3.33333,12.66667],"texture":"#1"}}},{"from":[6,14.65,1.25],"to":[10,18.65,3.25],"rotation":{"angle":-45,"axis":"z","origin":[8,16.65,2.25]},"faces":{"north":{"uv":[0,0,2.66667,2.66667],"texture":"#1"},"east":{"uv":[4.66667,2,6,4.66667],"texture":"#1"},"south":{"uv":[0,2.66667,2.66667,5.33333],"texture":"#1"},"west":{"uv":[4.66667,4.66667,6,7.33333],"texture":"#1"},"up":{"uv":[2.66667,6.66667,0,5.33333],"texture":"#1"},"down":{"uv":[8.66667,2,6,3.33333],"texture":"#1"}}},{"from":[4,12.5,-0.525],"to":[12,20.5,-0.475],"rotation":{"angle":0,"axis":"y","origin":[8,7.5,-1]},"faces":{"north":{"uv":[0,0,16,16],"texture":"#2"},"south":{"uv":[16,0,0,16],"texture":"#2"}}}],"gui_light":"front","display":{"thirdperson_righthand":{"translation":[0,2,0.75]},"thirdperson_lefthand":{"translation":[0,2,0.75]},"firstperson_righthand":{"rotation":[-10,0,0],"translation":[0,2.5,1.25]},"firstperson_lefthand":{"rotation":[-10,0,0],"translation":[0,2.5,1.25]},"ground":{"rotation":[-45,0,0],"translation":[0,6.5,2.25]},"gui":{"rotation":[-90,45,90],"translation":[3.5,-2.25,0],"scale":[0.89883,0.89883,0.89883]},"head":{"scale":[0,0,0]},"fixed":{"rotation":[0,-90,0],"translation":[0,-4.75,-0.75],"scale":[2,2,2]}}}