{"credit":"Made by PolygonMC","texture_size":[24,24],"textures":{"1":"littlecatset:hood","2":"littlecatset:animations/animations_1","particle":"littlecatset:animations/animations_1"},"elements":[{"from":[4.25,5.1875,5.01851],"to":[11.75,9.6875,12.51851],"rotation":{"angle":0,"axis":"y","origin":[4.25,5.1875,5.01851]},"faces":{"north":{"uv":[5.33333,0,10.33333,3],"texture":"#1"},"east":{"uv":[5.33333,3.33333,10.33333,6.33333],"texture":"#1"},"south":{"uv":[5.33333,6.66667,10.33333,9.66667],"texture":"#1"},"west":{"uv":[5.33333,10,10.33333,13],"texture":"#1"},"up":{"uv":[5,5,0,0],"texture":"#1"},"down":{"uv":[5,5.33333,0,10.33333],"texture":"#1"}}},{"from":[3.5,2.1875,7.26851],"to":[5,8.1875,10.26851],"rotation":{"angle":0,"axis":"y","origin":[8,5.1875,8.76851]},"faces":{"north":{"uv":[4,10.66667,5,14.66667],"texture":"#1"},"east":{"uv":[0,10.66667,2,14.66667],"texture":"#1"},"south":{"uv":[10.66667,6.66667,11.66667,10.66667],"texture":"#1"},"west":{"uv":[10.66667,0,12.66667,4],"texture":"#1"},"up":{"uv":[11.66667,12.66667,10.66667,10.66667],"texture":"#1"},"down":{"uv":[13,6.66667,12,8.66667],"texture":"#1"}}},{"from":[11,2.1875,7.26851],"to":[12.5,8.1875,10.26851],"rotation":{"angle":0,"axis":"y","origin":[8,5.1875,8.76851]},"faces":{"north":{"uv":[5,10.66667,4,14.66667],"texture":"#1"},"east":{"uv":[12.66667,0,10.66667,4],"texture":"#1"},"south":{"uv":[11.66667,6.66667,10.66667,10.66667],"texture":"#1"},"west":{"uv":[2,10.66667,0,14.66667],"texture":"#1"},"up":{"uv":[10.66667,12.66667,11.66667,10.66667],"texture":"#1"},"down":{"uv":[12,6.66667,13,8.66667],"texture":"#1"}}},{"from":[3.5,8.9375,5.76851],"to":[6.5,12.6875,5.81851],"rotation":{"angle":22.5,"axis":"z","origin":[5,10.8125,5.76851]},"faces":{"north":{"uv":[2,10.66667,4,13.33333],"texture":"#1"},"south":{"uv":[10.66667,4,12.66667,6.66667],"texture":"#1"}}},{"from":[9.5,8.9375,5.76851],"to":[12.5,12.6875,5.81851],"rotation":{"angle":-22.5,"axis":"z","origin":[11,10.8125,5.76851]},"faces":{"north":{"uv":[4,10.66667,2,13.33333],"texture":"#1"},"south":{"uv":[12.66667,4,10.66667,6.66667],"texture":"#1"}}},{"from":[3.325,5,5.75],"to":[3.375,11,11.75],"rotation":{"angle":0,"axis":"y","origin":[0,0,5]},"faces":{"east":{"uv":[16,0,0,16],"texture":"#2"},"west":{"uv":[0,0,16,16],"texture":"#2"}}},{"from":[12.625,5,5.75],"to":[12.675,11,11.75],"rotation":{"angle":0,"axis":"y","origin":[16,0,5]},"faces":{"east":{"uv":[16,0,0,16],"texture":"#2"},"west":{"uv":[0,0,16,16],"texture":"#2"}}}],"gui_light":"front","display":{"thirdperson_righthand":{"rotation":[63.75,0,0],"translation":[0,1,0.5],"scale":[0.61133,0.61133,0.61133]},"thirdperson_lefthand":{"rotation":[63.75,0,0],"translation":[0,1,0.5],"scale":[0.61133,0.61133,0.61133]},"firstperson_righthand":{"rotation":[146,0,180],"translation":[-1.25,3.5,0]},"firstperson_lefthand":{"rotation":[146,0,180],"translation":[-1.25,3.5,0]},"ground":{"rotation":[35,0,0],"translation":[0,6.75,0]},"gui":{"rotation":[0,180,0],"translation":[0,1,0],"scale":[1.63867,1.63867,1.63867]},"head":{"translation":[0,4.75,-1.75],"scale":[2.08984,2.08984,2.08984]},"fixed":{"rotation":[-55.5,0,0],"translation":[0,0,-10.5],"scale":[2.13867,2.13867,2.13867]}}}