{"credit":"Made by PolygonMC","texture_size":[24,24],"textures":{"1":"littledragonset:little_dragon","4":"littledragonset:animations/animations_flame_02","6":"littledragonset:hoe","particle":"littledragonset:animations/animations_flame_03"},"elements":[{"from":[7.5,0,7.5],"to":[8.5,2,8.5],"rotation":{"angle":0,"axis":"y","origin":[6.5,0,7.5]},"faces":{"north":{"uv":[2.66667,6.66667,3.33333,8],"texture":"#6"},"east":{"uv":[0,7.33333,0.66667,8.66667],"texture":"#6"},"south":{"uv":[7.33333,0,8,1.33333],"texture":"#6"},"west":{"uv":[0.66667,7.33333,1.33333,8.66667],"texture":"#6"},"up":{"uv":[2,3.33333,1.33333,2.66667],"texture":"#6"},"down":{"uv":[4,2.66667,3.33333,3.33333],"texture":"#6"}}},{"from":[7.6,2,7.6],"to":[8.4,3.8,8.4],"rotation":{"angle":0,"axis":"y","origin":[6.5,0,7.5]},"faces":{"north":{"uv":[1.33333,7.33333,2,8.66667],"texture":"#6"},"east":{"uv":[2,7.33333,2.66667,8.66667],"texture":"#6"},"south":{"uv":[3.33333,7.33333,4,8.66667],"texture":"#6"},"west":{"uv":[4,7.33333,4.66667,8.66667],"texture":"#6"}}},{"from":[7.5,3.8,7.5],"to":[8.5,5.8,8.5],"rotation":{"angle":0,"axis":"y","origin":[6.5,0,7.5]},"faces":{"north":{"uv":[7.33333,4,8,5.33333],"texture":"#6"},"east":{"uv":[4.66667,7.33333,5.33333,8.66667],"texture":"#6"},"south":{"uv":[5.33333,7.33333,6,8.66667],"texture":"#6"},"west":{"uv":[7.33333,5.33333,8,6.66667],"texture":"#6"},"up":{"uv":[4.66667,3.33333,4,2.66667],"texture":"#6"},"down":{"uv":[6,4,5.33333,4.66667],"texture":"#6"}}},{"from":[7.75,-0.25,7.25],"to":[8.25,1.25,8.75],"rotation":{"angle":0,"axis":"y","origin":[7.75,0,7.25]},"faces":{"north":{"uv":[7.33333,9.33333,7.66667,10.33333],"texture":"#6"},"east":{"uv":[5.33333,1.33333,6.33333,2.33333],"texture":"#6"},"south":{"uv":[9.33333,7.33333,9.66667,8.33333],"texture":"#6"},"west":{"uv":[5.33333,2.66667,6.33333,3.66667],"texture":"#6"},"up":{"uv":[8.33333,10.33333,8,9.33333],"texture":"#6"},"down":{"uv":[9,9.33333,8.66667,10.33333],"texture":"#6"}}},{"from":[7.25,5.8,7],"to":[8.75,6.3,9],"rotation":{"angle":0,"axis":"y","origin":[7.25,5.8,7.25]},"faces":{"north":{"uv":[9.33333,8.66667,10.33333,9],"texture":"#6"},"east":{"uv":[3.33333,8.66667,4.66667,9],"texture":"#6"},"south":{"uv":[9.33333,9.33333,10.33333,9.66667],"texture":"#6"},"west":{"uv":[8.66667,3.33333,10,3.66667],"texture":"#6"},"up":{"uv":[5.66667,1.33333,4.66667,0],"texture":"#6"},"down":{"uv":[2.33333,4.66667,1.33333,6],"texture":"#6"}}},{"from":[7.55,5.25,7.25],"to":[8.45,6.75,8.75],"rotation":{"angle":0,"axis":"y","origin":[7.75,0,7.25]},"faces":{"north":{"uv":[8,5.33333,8.66667,6.33333],"texture":"#6"},"east":{"uv":[0,6,1,7],"texture":"#6"},"south":{"uv":[6,8,6.66667,9],"texture":"#6"},"west":{"uv":[6,0,7,1],"texture":"#6"},"up":{"uv":[7.33333,9,6.66667,8],"texture":"#6"},"down":{"uv":[8.66667,6.66667,8,7.66667],"texture":"#6"}}},{"from":[7.55,10.25,7.25],"to":[8.45,11.75,8.75],"rotation":{"angle":0,"axis":"y","origin":[7.75,5,7.25]},"faces":{"north":{"uv":[7.33333,8,8,9],"texture":"#6"},"east":{"uv":[1.33333,6,2.33333,7],"texture":"#6"},"south":{"uv":[8,8,8.66667,9],"texture":"#6"},"west":{"uv":[3.33333,6,4.33333,7],"texture":"#6"},"up":{"uv":[0.66667,9.66667,0,8.66667],"texture":"#6"},"down":{"uv":[9.33333,0,8.66667,1],"texture":"#6"}}},{"from":[7.5,11,8],"to":[8.5,13,10],"rotation":{"angle":-45,"axis":"x","origin":[7.5,11,8]},"faces":{"north":{"uv":[7.33333,6.66667,8,8],"texture":"#6"},"east":{"uv":[3.33333,0,4.66667,1.33333],"texture":"#6"},"south":{"uv":[8,0,8.66667,1.33333],"texture":"#6"},"west":{"uv":[1.33333,3.33333,2.66667,4.66667],"texture":"#6"},"up":{"uv":[8.66667,2.66667,8,1.33333],"texture":"#6"},"down":{"uv":[3.33333,8,2.66667,9.33333],"texture":"#6"}}},{"from":[7.25,11.25,8.25],"to":[8.75,12.75,9.75],"rotation":{"angle":-45,"axis":"x","origin":[7.5,11,8]},"faces":{"north":{"uv":[6,4,7,5],"texture":"#6"},"east":{"uv":[4.66667,6,5.66667,7],"texture":"#6"},"south":{"uv":[6,5.33333,7,6.33333],"texture":"#6"},"west":{"uv":[6.66667,1.33333,7.66667,2.33333],"texture":"#6"},"up":{"uv":[7.66667,3.66667,6.66667,2.66667],"texture":"#6"},"down":{"uv":[7,6.66667,6,7.66667],"texture":"#6"}}},{"from":[7.544,9.64257,6.58739],"to":[8.456,10.55457,7.61339],"rotation":{"angle":-22.5,"axis":"x","origin":[8,9.67995,6.2852]},"faces":{"north":{"uv":[8.66667,4,9.33333,4.66667],"texture":"#6"},"east":{"uv":[4.66667,8.66667,5.33333,9.33333],"texture":"#6"},"south":{"uv":[8.66667,4.66667,9.33333,5.33333],"texture":"#6"},"west":{"uv":[5.33333,8.66667,6,9.33333],"texture":"#6"},"up":{"uv":[9.33333,6,8.66667,5.33333],"texture":"#6"},"down":{"uv":[9.33333,6,8.66667,6.66667],"texture":"#6"}}},{"from":[7.60784,9.5527,6.03042],"to":[8.39216,10.33702,6.91278],"rotation":{"angle":-45,"axis":"x","origin":[8,9.67995,6.2852]},"faces":{"north":{"uv":[8.66667,6.66667,9.33333,7.33333],"texture":"#6"},"east":{"uv":[8.66667,7.33333,9.33333,8],"texture":"#6"},"west":{"uv":[8.66667,8,9.33333,8.66667],"texture":"#6"},"up":{"uv":[9.33333,9.33333,8.66667,8.66667],"texture":"#6"},"down":{"uv":[10,0,9.33333,0.66667],"texture":"#6"}}},{"from":[7.66274,8.96091,5.60706],"to":[8.33726,9.71974,6.28157],"rotation":{"angle":22.5,"axis":"x","origin":[8,9.67995,6.2852]},"faces":{"north":{"uv":[10,1.33333,10.33333,2],"texture":"#6"},"east":{"uv":[10,2,10.33333,2.66667],"texture":"#6"},"south":{"uv":[2.66667,10,3,10.66667],"texture":"#6"},"west":{"uv":[10,2.66667,10.33333,3.33333],"texture":"#6"},"down":{"uv":[10.33333,4.66667,10,5],"texture":"#6"}}},{"from":[7.71333,8.65874,5.4056],"to":[8.28667,9.30374,5.97894],"rotation":{"angle":0,"axis":"y","origin":[8,9.67995,6.2852]},"faces":{"north":{"uv":[5.33333,10,5.66667,10.33333],"texture":"#6"},"east":{"uv":[10,5.33333,10.33333,5.66667],"texture":"#6"},"south":{"uv":[6,10,6.33333,10.33333],"texture":"#6"},"west":{"uv":[10,6,10.33333,6.33333],"texture":"#6"},"down":{"uv":[10.33333,6.66667,10,7],"texture":"#6"}}},{"from":[7.544,11.69543,8.38661],"to":[8.456,12.60743,9.41261],"rotation":{"angle":-22.5,"axis":"x","origin":[8,12.57005,9.7148]},"faces":{"north":{"uv":[9.33333,0.66667,10,1.33333],"texture":"#6"},"east":{"uv":[9.33333,1.33333,10,2],"texture":"#6"},"south":{"uv":[9.33333,2,10,2.66667],"texture":"#6"},"west":{"uv":[2.66667,9.33333,3.33333,10],"texture":"#6"},"up":{"uv":[10,3.33333,9.33333,2.66667],"texture":"#6"},"down":{"uv":[4,9.33333,3.33333,10],"texture":"#6"}}},{"from":[7.60784,11.91298,9.08722],"to":[8.39216,12.6973,9.96958],"rotation":{"angle":-45,"axis":"x","origin":[8,12.57005,9.7148]},"faces":{"east":{"uv":[4,9.33333,4.66667,10],"texture":"#6"},"south":{"uv":[9.33333,4,10,4.66667],"texture":"#6"},"west":{"uv":[4.66667,9.33333,5.33333,10],"texture":"#6"},"up":{"uv":[10,5.33333,9.33333,4.66667],"texture":"#6"},"down":{"uv":[6,9.33333,5.33333,10],"texture":"#6"}}},{"from":[7.66274,12.53026,9.71843],"to":[8.33726,13.28909,10.39294],"rotation":{"angle":22.5,"axis":"x","origin":[8,12.57005,9.7148]},"faces":{"north":{"uv":[3.33333,10,3.66667,10.66667],"texture":"#6"},"east":{"uv":[10,3.33333,10.33333,4],"texture":"#6"},"south":{"uv":[4,10,4.33333,10.66667],"texture":"#6"},"west":{"uv":[10,4,10.33333,4.66667],"texture":"#6"},"up":{"uv":[10.33333,7.66667,10,7.33333],"texture":"#6"}}},{"from":[7.71333,12.94626,10.02106],"to":[8.28667,13.59126,10.5944],"rotation":{"angle":0,"axis":"y","origin":[8,12.57005,9.7148]},"faces":{"north":{"uv":[10,8,10.33333,8.33333],"texture":"#6"},"east":{"uv":[9.33333,10,9.66667,10.33333],"texture":"#6"},"south":{"uv":[10,10,10.33333,10.33333],"texture":"#6"},"west":{"uv":[10.66667,0,11,0.33333],"texture":"#6"},"up":{"uv":[11,1,10.66667,0.66667],"texture":"#6"}}},{"from":[7,12.8792,5.32838],"to":[9,14.8792,9.82838],"rotation":{"angle":22.5,"axis":"x","origin":[8,13.8792,7.57838]},"faces":{"north":{"uv":[4.66667,0,6,1.33333],"texture":"#1"},"east":{"uv":[0,0,3,1.33333],"texture":"#1"},"south":{"uv":[4.66667,1.33333,6,2.66667],"texture":"#1"},"west":{"uv":[0,1.33333,3,2.66667],"texture":"#1"},"up":{"uv":[1.33333,5.66667,0,2.66667],"texture":"#1"},"down":{"uv":[2.66667,2.66667,1.33333,5.66667],"texture":"#1"}}},{"from":[6.32029,12.09785,5.57838],"to":[7.32029,12.59785,7.07838],"rotation":{"angle":22.5,"axis":"z","origin":[8,13.65379,7.02459]},"faces":{"north":{"uv":[4,10,4.66667,10.33333],"texture":"#1"},"east":{"uv":[2.66667,10,3.66667,10.33333],"texture":"#1"},"south":{"uv":[10,4,10.66667,4.33333],"texture":"#1"},"west":{"uv":[10,3.33333,11,3.66667],"texture":"#1"},"up":{"uv":[0.66667,9.66667,0,8.66667],"texture":"#1"},"down":{"uv":[9.33333,0,8.66667,1],"texture":"#1"}}},{"from":[6.32029,12.59785,6.07838],"to":[7.32029,13.59785,7.07838],"rotation":{"angle":22.5,"axis":"z","origin":[8,13.65379,7.02459]},"faces":{"north":{"uv":[4.66667,4,5.33333,4.66667],"texture":"#1"},"east":{"uv":[9.33333,0,10,0.66667],"texture":"#1"},"south":{"uv":[0.66667,9.33333,1.33333,10],"texture":"#1"},"west":{"uv":[9.33333,0.66667,10,1.33333],"texture":"#1"}}},{"from":[6.32029,13.59785,5.57838],"to":[7.32029,14.59785,7.07838],"rotation":{"angle":22.5,"axis":"z","origin":[8,13.65379,7.02459]},"faces":{"north":{"uv":[1.33333,9.33333,2,10],"texture":"#1"},"east":{"uv":[0.66667,8.66667,1.66667,9.33333],"texture":"#1"},"south":{"uv":[9.33333,2,10,2.66667],"texture":"#1"},"west":{"uv":[8.66667,1.33333,9.66667,2],"texture":"#1"},"up":{"uv":[2.66667,9.66667,2,8.66667],"texture":"#1"},"down":{"uv":[9.33333,2,8.66667,3],"texture":"#1"}}},{"from":[8.67971,13.59785,5.57838],"to":[9.67971,14.59785,7.07838],"rotation":{"angle":-22.5,"axis":"z","origin":[8,13.65379,7.02459]},"faces":{"north":{"uv":[2,9.33333,1.33333,10],"texture":"#1"},"east":{"uv":[8.66667,2,9.66667,1.33333],"rotation":180,"texture":"#1"},"south":{"uv":[10,2,9.33333,2.66667],"texture":"#1"},"west":{"uv":[0.66667,9.33333,1.66667,8.66667],"rotation":180,"texture":"#1"},"up":{"uv":[2,9.66667,2.66667,8.66667],"texture":"#1"},"down":{"uv":[8.66667,2,9.33333,3],"texture":"#1"}}},{"from":[8.67971,12.59785,6.07838],"to":[9.67971,13.59785,7.07838],"rotation":{"angle":-22.5,"axis":"z","origin":[8,13.65379,7.02459]},"faces":{"north":{"uv":[5.33333,4,4.66667,4.66667],"texture":"#1"},"east":{"uv":[9.33333,1.33333,10,0.66667],"rotation":180,"texture":"#1"},"south":{"uv":[1.33333,9.33333,0.66667,10],"texture":"#1"},"west":{"uv":[9.33333,0.66667,10,0],"rotation":180,"texture":"#1"}}},{"from":[8.67971,12.09785,5.57838],"to":[9.67971,12.59785,7.07838],"rotation":{"angle":-22.5,"axis":"z","origin":[8,13.65379,7.02459]},"faces":{"north":{"uv":[4.66667,10,4,10.33333],"texture":"#1"},"east":{"uv":[10,3.66667,11,3.33333],"rotation":180,"texture":"#1"},"south":{"uv":[10.66667,4,10,4.33333],"texture":"#1"},"west":{"uv":[2.66667,10.33333,3.66667,10],"rotation":180,"texture":"#1"},"up":{"uv":[0,9.66667,0.66667,8.66667],"texture":"#1"},"down":{"uv":[8.66667,0,9.33333,1],"texture":"#1"}}},{"from":[7.25,14.67232,4.7703],"to":[8.75,16.17232,6.2703],"rotation":{"angle":-22.5,"axis":"x","origin":[8,14.45379,7.34959]},"faces":{"north":{"uv":[6.66667,4,7.66667,5],"texture":"#1"},"east":{"uv":[5.33333,6.66667,6.33333,7.66667],"texture":"#1"},"south":{"uv":[6.66667,5.33333,7.66667,6.33333],"texture":"#1"},"west":{"uv":[6.66667,6.66667,7.66667,7.66667],"texture":"#1"},"up":{"uv":[1,8.33333,0,7.33333],"texture":"#1"},"down":{"uv":[8.33333,0,7.33333,1],"texture":"#1"}}},{"from":[7,13.6768,2.92096],"to":[9,15.6768,4.92096],"rotation":{"angle":0,"axis":"y","origin":[8,14.45379,7.34959]},"faces":{"north":{"uv":[2.66667,4.66667,4,6],"texture":"#1"},"east":{"uv":[4.66667,2.66667,6,4],"texture":"#1"},"south":{"uv":[4,4.66667,5.33333,6],"texture":"#1"},"west":{"uv":[5.33333,4,6.66667,5.33333],"texture":"#1"},"up":{"uv":[6.66667,6.66667,5.33333,5.33333],"texture":"#1"},"down":{"uv":[1.33333,6,0,7.33333],"texture":"#1"}}},{"from":[7,13.6768,1.92096],"to":[9,14.6768,2.92096],"rotation":{"angle":0,"axis":"y","origin":[8,14.45379,7.34959]},"faces":{"north":{"uv":[3.33333,2,4.66667,2.66667],"texture":"#1"},"east":{"uv":[4,9.33333,4.66667,10],"texture":"#1"},"west":{"uv":[4.66667,9.33333,5.33333,10],"texture":"#1"},"up":{"uv":[8,8.66667,6.66667,8],"texture":"#1"},"down":{"uv":[9.33333,6.66667,8,7.33333],"texture":"#1"}}},{"from":[7.25,13.9268,1.67096],"to":[8.75,14.9268,2.92096],"rotation":{"angle":0,"axis":"y","origin":[8,14.45379,7.34959]},"faces":{"north":{"uv":[2.66667,8.66667,3.66667,9.33333],"texture":"#1"},"east":{"uv":[8.66667,3.33333,9.66667,4],"texture":"#1"},"west":{"uv":[4,8.66667,5,9.33333],"texture":"#1"},"up":{"uv":[2.33333,8.33333,1.33333,7.33333],"texture":"#1"},"down":{"uv":[8.33333,1.33333,7.33333,2.33333],"texture":"#1"}}},{"from":[7.25,12.57322,9.50109],"to":[8.75,14.07322,11.50109],"rotation":{"angle":0,"axis":"y","origin":[7.60225,13.32139,11.71184]},"faces":{"north":{"uv":[2.66667,7.33333,3.66667,8.33333],"texture":"#1"},"east":{"uv":[6,1.33333,7.33333,2.33333],"texture":"#1"},"south":{"uv":[7.33333,2.66667,8.33333,3.66667],"texture":"#1"},"west":{"uv":[2.66667,6,4,7],"texture":"#1"},"up":{"uv":[7,4,6,2.66667],"texture":"#1"},"down":{"uv":[5,6,4,7.33333],"texture":"#1"}}},{"from":[7.3775,13.00322,11.20109],"to":[8.6225,14.24822,12.86109],"rotation":{"angle":-22.5,"axis":"x","origin":[8,13.45072,12.33109]},"faces":{"north":{"uv":[5.33333,9.33333,6,10],"texture":"#1"},"east":{"uv":[8.66667,4,9.66667,4.66667],"texture":"#1"},"south":{"uv":[9.33333,5.33333,10,6],"texture":"#1"},"west":{"uv":[8.66667,4.66667,9.66667,5.33333],"texture":"#1"},"up":{"uv":[9.33333,6.33333,8.66667,5.33333],"texture":"#1"},"down":{"uv":[7.33333,8.66667,6.66667,9.66667],"texture":"#1"}}},{"from":[7.48333,13.6259,12.42488],"to":[8.51667,14.65925,13.80268],"rotation":{"angle":-45,"axis":"x","origin":[8,14.09257,13.11378]},"faces":{"north":{"uv":[10,6,9.33333,6.66667],"rotation":180,"texture":"#1"},"east":{"uv":[8.66667,7.33333,9.33333,8.33333],"rotation":270,"texture":"#1"},"south":{"uv":[6.66667,10,6,9.33333],"texture":"#1"},"west":{"uv":[8.66667,8.66667,9.33333,9.66667],"rotation":90,"texture":"#1"},"up":{"uv":[7.33333,8.66667,8,9.66667],"rotation":180,"texture":"#1"},"down":{"uv":[8,8.66667,8.66667,9.66667],"texture":"#1"}}},{"from":[5.86753,13.8153,4.712],"to":[5.86753,15.3153,6.212],"rotation":{"angle":-22.5,"axis":"y","origin":[8,14.45379,7.34959]},"faces":{"east":{"uv":[5,7.33333,4,8.33333],"texture":"#1"},"west":{"uv":[4,7.33333,5,8.33333],"texture":"#1"}}},{"from":[10.13247,13.8153,4.712],"to":[10.13247,15.3153,6.212],"rotation":{"angle":22.5,"axis":"y","origin":[8,14.45379,7.34959]},"faces":{"east":{"uv":[5,7.33333,4,8.33333],"texture":"#1"},"west":{"uv":[4,7.33333,5,8.33333],"texture":"#1"}}},{"from":[6.9,15.71195,5.02553],"to":[7.9,16.71195,6.02553],"rotation":{"angle":-22.5,"axis":"x","origin":[8,14.45379,7.34959]},"faces":{"north":{"uv":[9.33333,6.66667,10,7.33333],"texture":"#1"},"east":{"uv":[9.33333,7.33333,10,8],"texture":"#1"},"south":{"uv":[9.33333,8,10,8.66667],"texture":"#1"},"west":{"uv":[9.33333,8.66667,10,9.33333],"texture":"#1"},"up":{"uv":[10,10,9.33333,9.33333],"texture":"#1"},"down":{"uv":[0.66667,10,0,10.66667],"texture":"#1"}}},{"from":[7.005,16.17787,6.5878],"to":[7.795,16.96787,7.3778],"rotation":{"angle":-45,"axis":"x","origin":[8,14.45379,7.34959]},"faces":{"east":{"uv":[10,0,10.66667,0.66667],"texture":"#1"},"south":{"uv":[0.66667,10,1.33333,10.66667],"texture":"#1"},"west":{"uv":[10,0.66667,10.66667,1.33333],"texture":"#1"},"up":{"uv":[2,10.66667,1.33333,10],"texture":"#1"},"down":{"uv":[10.66667,1.33333,10,2],"texture":"#1"}}},{"from":[7.10375,15.1414,5.09606],"to":[7.69625,15.7339,5.68856],"rotation":{"angle":22.5,"axis":"x","origin":[8,14.45379,7.34959]},"faces":{"north":{"uv":[6.66667,10,7,10.33333],"texture":"#1"},"east":{"uv":[10,6.66667,10.33333,7],"texture":"#1"},"south":{"uv":[7.33333,10,7.66667,10.33333],"texture":"#1"},"west":{"uv":[10,7.33333,10.33333,7.66667],"texture":"#1"},"up":{"uv":[8.33333,10.33333,8,10],"texture":"#1"}}},{"from":[6.8,16.8292,3.52652],"to":[7.8,17.3292,4.52652],"rotation":{"angle":-22.5,"axis":"x","origin":[8,14.45379,7.34959]},"faces":{"north":{"uv":[12,0,12.66667,0.33333],"texture":"#1"},"east":{"uv":[10,5.33333,10.66667,5.66667],"texture":"#1"},"south":{"uv":[12.66667,0,13.33333,0.33333],"texture":"#1"},"west":{"uv":[10,6,10.66667,6.33333],"texture":"#1"},"up":{"uv":[11.66667,0.66667,11,0],"texture":"#1"},"down":{"uv":[10.66667,2,10,2.66667],"texture":"#1"}}},{"from":[4.60718,14.40223,5.82838],"to":[6.60718,14.40223,8.82838],"rotation":{"angle":-22.5,"axis":"z","origin":[8,13.65379,7.02459]},"faces":{"up":{"uv":[4.66667,2,3.33333,0],"texture":"#1"},"down":{"uv":[4.66667,0,3.33333,2],"texture":"#1"}}},{"from":[3.13014,16.5821,5.82838],"to":[6.13014,16.5821,8.82838],"rotation":{"angle":22.5,"axis":"z","origin":[8,13.65379,7.02459]},"faces":{"up":{"uv":[4.66667,4.66667,2.66667,2.66667],"texture":"#1"},"down":{"uv":[4.66667,2.66667,2.66667,4.66667],"texture":"#1"}}},{"from":[8.58336,11.75382,8.07838],"to":[9.58336,12.25382,10.07838],"rotation":{"angle":-22.5,"axis":"z","origin":[8,13.15379,7.02459]},"faces":{"north":{"uv":[5.33333,10,4.66667,10.33333],"texture":"#1"},"east":{"uv":[10.66667,2.66667,9.33333,3],"texture":"#1"},"south":{"uv":[10.66667,4.66667,10,5],"texture":"#1"},"west":{"uv":[4,9.33333,2.66667,9.66667],"texture":"#1"},"up":{"uv":[8,6.66667,8.66667,5.33333],"texture":"#1"},"down":{"uv":[6,8,6.66667,9.33333],"texture":"#1"}}},{"from":[8.58336,12.25382,8.57838],"to":[9.58336,14.25382,10.07838],"rotation":{"angle":-22.5,"axis":"z","origin":[8,13.15379,7.02459]},"faces":{"north":{"uv":[8.66667,4,8,5.33333],"texture":"#1"},"east":{"uv":[2.33333,6,1.33333,7.33333],"texture":"#1"},"south":{"uv":[6,8,5.33333,9.33333],"texture":"#1"},"west":{"uv":[7,0,6,1.33333],"texture":"#1"},"up":{"uv":[8,8.33333,8.66667,7.33333],"texture":"#1"}}},{"from":[6.41664,12.25382,8.57838],"to":[7.41664,14.25382,10.07838],"rotation":{"angle":22.5,"axis":"z","origin":[8,13.15379,7.02459]},"faces":{"north":{"uv":[8,4,8.66667,5.33333],"texture":"#1"},"east":{"uv":[7,1.33333,6,0],"rotation":180,"texture":"#1"},"south":{"uv":[5.33333,8,6,9.33333],"texture":"#1"},"west":{"uv":[2.33333,7.33333,1.33333,6],"rotation":180,"texture":"#1"},"up":{"uv":[8.66667,8.33333,8,7.33333],"texture":"#1"}}},{"from":[6.41664,11.75382,8.07838],"to":[7.41664,12.25382,10.07838],"rotation":{"angle":22.5,"axis":"z","origin":[8,13.15379,7.02459]},"faces":{"north":{"uv":[4.66667,10,5.33333,10.33333],"texture":"#1"},"east":{"uv":[4,9.66667,2.66667,9.33333],"rotation":180,"texture":"#1"},"south":{"uv":[10,4.66667,10.66667,5],"texture":"#1"},"west":{"uv":[10.66667,3,9.33333,2.66667],"rotation":180,"texture":"#1"},"up":{"uv":[8.66667,6.66667,8,5.33333],"texture":"#1"},"down":{"uv":[6.66667,8,6,9.33333],"texture":"#1"}}},{"from":[8.205,16.17787,6.5878],"to":[8.995,16.96787,7.3778],"rotation":{"angle":-45,"axis":"x","origin":[8,14.45379,7.34959]},"faces":{"east":{"uv":[10.66667,0.66667,10,1.33333],"texture":"#1"},"south":{"uv":[1.33333,10,0.66667,10.66667],"texture":"#1"},"west":{"uv":[10.66667,0,10,0.66667],"texture":"#1"},"up":{"uv":[1.33333,10.66667,2,10],"texture":"#1"},"down":{"uv":[10,1.33333,10.66667,2],"texture":"#1"}}},{"from":[8.30375,15.1414,5.09606],"to":[8.89625,15.7339,5.68856],"rotation":{"angle":22.5,"axis":"x","origin":[8,14.45379,7.34959]},"faces":{"north":{"uv":[7,10,6.66667,10.33333],"texture":"#1"},"east":{"uv":[10.33333,7.33333,10,7.66667],"texture":"#1"},"south":{"uv":[7.66667,10,7.33333,10.33333],"texture":"#1"},"west":{"uv":[10.33333,6.66667,10,7],"texture":"#1"},"up":{"uv":[8,10.33333,8.33333,10],"texture":"#1"}}},{"from":[8.1,15.71195,5.02553],"to":[9.1,16.71195,6.02553],"rotation":{"angle":-22.5,"axis":"x","origin":[8,14.45379,7.34959]},"faces":{"north":{"uv":[10,6.66667,9.33333,7.33333],"texture":"#1"},"east":{"uv":[10,8.66667,9.33333,9.33333],"texture":"#1"},"south":{"uv":[10,8,9.33333,8.66667],"texture":"#1"},"west":{"uv":[10,7.33333,9.33333,8],"texture":"#1"},"up":{"uv":[9.33333,10,10,9.33333],"texture":"#1"},"down":{"uv":[0,10,0.66667,10.66667],"texture":"#1"}}},{"from":[8.2,16.8292,3.52652],"to":[9.2,17.3292,4.52652],"rotation":{"angle":-22.5,"axis":"x","origin":[8,14.45379,7.34959]},"faces":{"north":{"uv":[12.66667,0,12,0.33333],"texture":"#1"},"east":{"uv":[10.66667,6,10,6.33333],"texture":"#1"},"south":{"uv":[13.33333,0,12.66667,0.33333],"texture":"#1"},"west":{"uv":[10.66667,5.33333,10,5.66667],"texture":"#1"},"up":{"uv":[11,0.66667,11.66667,0],"texture":"#1"},"down":{"uv":[10,2,10.66667,2.66667],"texture":"#1"}}},{"from":[9.86986,16.5821,5.82838],"to":[12.86986,16.5821,8.82838],"rotation":{"angle":-22.5,"axis":"z","origin":[8,13.65379,7.02459]},"faces":{"up":{"uv":[2.66667,4.66667,4.66667,2.66667],"texture":"#1"},"down":{"uv":[2.66667,2.66667,4.66667,4.66667],"texture":"#1"}}},{"from":[9.39282,14.40223,5.82838],"to":[11.39282,14.40223,8.82838],"rotation":{"angle":22.5,"axis":"z","origin":[8,13.65379,7.02459]},"faces":{"up":{"uv":[3.33333,2,4.66667,0],"texture":"#1"},"down":{"uv":[3.33333,0,4.66667,2],"texture":"#1"}}},{"from":[7.985,12.5,12.1],"to":[8.015,16.5,15.1],"rotation":{"angle":22.5,"axis":"x","origin":[8,15,16]},"faces":{"east":{"uv":[6,0,0,8],"rotation":180,"texture":"#4"},"west":{"uv":[0,0,6,8],"rotation":180,"texture":"#4"}}},{"from":[7.985,-3,6.5],"to":[8.015,1,9.5],"rotation":{"angle":0,"axis":"y","origin":[0.985,0,-0.5]},"faces":{"east":{"uv":[6,0,0,8],"texture":"#4"},"west":{"uv":[0,0,6,8],"texture":"#4"}}},{"from":[7.5,6.3,7.5],"to":[8.5,10.8,8.5],"rotation":{"angle":0,"axis":"y","origin":[7.5,6.3,7.5]},"faces":{"north":{"uv":[2,0,2.66667,3],"texture":"#6"},"east":{"uv":[0,2.66667,0.66667,5.66667],"texture":"#6"},"south":{"uv":[2.66667,0,3.33333,3],"texture":"#6"},"west":{"uv":[0.66667,2.66667,1.33333,5.66667],"texture":"#6"},"up":{"uv":[10,6,9.33333,5.33333],"texture":"#6"},"down":{"uv":[6.66667,9.33333,6,10],"texture":"#6"}}},{"from":[7.56,9.56,4.905],"to":[8.44,11.44,7.745],"rotation":{"angle":-22.5,"axis":"x","origin":[8,10.07614,4.32275]},"faces":{"north":{"uv":[8,2.66667,8.66667,4],"texture":"#6"},"east":{"uv":[0,0,2,1.33333],"texture":"#6"},"south":{"uv":[8,4,8.66667,5.33333],"texture":"#6"},"west":{"uv":[0,1.33333,2,2.66667],"texture":"#6"},"up":{"uv":[3.33333,6.66667,2.66667,4.66667],"texture":"#6"},"down":{"uv":[5.33333,2.66667,4.66667,4.66667],"texture":"#6"}}},{"from":[7.6773,9.41649,2.88217],"to":[8.3227,11.06189,5.40937],"rotation":{"angle":-45,"axis":"x","origin":[8,10.07614,4.32275]},"faces":{"north":{"uv":[0,10,0.33333,11],"texture":"#6"},"east":{"uv":[3.33333,1.33333,5,2.33333],"texture":"#6"},"west":{"uv":[2.66667,3.33333,4.33333,4.33333],"texture":"#6"},"up":{"uv":[9,3,8.66667,1.33333],"texture":"#6"},"down":{"uv":[2.33333,8.66667,2,10.33333],"texture":"#6"}}},{"from":[7.80329,7.19823,2.93674],"to":[8.19671,9.16944,4.33015],"rotation":{"angle":22.5,"axis":"x","origin":[8,10.07614,4.32275]},"faces":{"north":{"uv":[9.33333,6,9.66667,7.33333],"texture":"#6"},"east":{"uv":[3.33333,4.66667,4.33333,6],"texture":"#6"},"south":{"uv":[6.66667,9.33333,7,10.66667],"texture":"#6"},"west":{"uv":[4.66667,4.66667,5.66667,6],"texture":"#6"},"down":{"uv":[10.33333,0,10,1],"texture":"#6"}}},{"from":[7.81,6.35829,1.71006],"to":[8.19,8.0795,2.85347],"rotation":{"angle":-22.5,"axis":"x","origin":[8.00671,8.59389,2.15677]},"faces":{"north":{"uv":[0.66667,10,1,11],"texture":"#6"},"east":{"uv":[0.66667,8.66667,1.33333,9.66667],"texture":"#6"},"south":{"uv":[1.33333,10,1.66667,11],"texture":"#6"},"west":{"uv":[1.33333,8.66667,2,9.66667],"texture":"#6"},"down":{"uv":[5,10,4.66667,10.66667],"texture":"#6"}}}],"gui_light":"front","display":{"thirdperson_righthand":{"translation":[0,2.5,0.75]},"thirdperson_lefthand":{"translation":[0,2.5,0.75]},"firstperson_righthand":{"rotation":[-15,0,0],"translation":[0,3.25,0]},"firstperson_lefthand":{"rotation":[-15,0,0],"translation":[0,3.25,0]},"ground":{"rotation":[-45,0,0],"translation":[0,4.25,0]},"gui":{"rotation":[-90,45,90],"translation":[0.75,-1,0],"scale":[0.86133,0.86133,0.86133]},"head":{"rotation":[0,-90,0]},"fixed":{"rotation":[90,-90,90],"translation":[0,-1.75,-2.25],"scale":[2.5,2.5,2.5]}}}