{"sources":[{"type":"single","resource":"infernoset:wings"},{"type":"single","resource":"hats:hat/unicorn_hat"},{"type":"single","resource":"pepetags:items/pepecross"},{"type":"single","resource":"littledragonset:hammer"},{"type":"single","resource":"hats:hat/amongus_purple"},{"type":"single","resource":"littlecatset:hood"},{"type":"single","resource":"littleduckset:shield"},{"type":"single","resource":"hats:hat/amongus_exhausted"},{"type":"single","resource":"gendrops:13_drowned"},{"type":"single","resource":"littleduckset:hoe"},{"type":"single","resource":"littlecatset:key"},{"type":"single","resource":"customitems:items/cannabisleaf"},{"type":"single","resource":"thunderboltset:bow"},{"type":"single","resource":"littledragonset:scythe"},{"type":"single","resource":"yoda:plushies/nm_plushie_bounty_hunter_blue_texture"},{"type":"single","resource":"hats:hat/quest"},{"type":"single","resource":"hats:hat/amongus_pink"},{"type":"single","resource":"littledragonset:fishing_rod_cast"},{"type":"single","resource":"gendrops:19_cube"},{"type":"single","resource":"hoes:bs_energy_blade_saber_pink_texture"},{"type":"single","resource":"_iainternal:icons/icon_next_orange"},{"type":"single","resource":"pepetags:items/pepecry"},{"type":"single","resource":"pepetags:items/pepeselfie"},{"type":"single","resource":"yoda:plushies/nm_plushie_alan_spacewalker_texture"},{"type":"single","resource":"littlecatset:hoe"},{"type":"single","resource":"pepetags:items/pepemoney"},{"type":"single","resource":"littleduckset:spear"},{"type":"single","resource":"littleduckset:key"},{"type":"single","resource":"nexusset:armor/nexus_chestplate_icon"},{"type":"single","resource":"infernoset:backpack"},{"type":"single","resource":"littledragonset:axe"},{"type":"single","resource":"nexusset:fishing_rod_cast"},{"type":"single","resource":"infernoset:crossbow"},{"type":"single","resource":"nexusset:hammer"},{"type":"single","resource":"badges:prestige/90"},{"type":"single","resource":"discordnitroset:hammer"},{"type":"single","resource":"_iainternal:icons/icon_cancel"},{"type":"single","resource":"thunderboltset:helmet"},{"type":"single","resource":"discordnitroset:animations/animations_nitro"},{"type":"single","resource":"gendrops:14_zombie"},{"type":"single","resource":"hats:hat/amongus_yellow"},{"type":"single","resource":"littlecatset:hammer"},{"type":"single","resource":"gendrops:1_pig"},{"type":"single","resource":"_iainternal:icons/icon_arrow_chest"},{"type":"single","resource":"infernoset:armor/inferno_boots_icon"},{"type":"single","resource":"yoda:plushies/nm_plushie_dark_mall_texture"},{"type":"single","resource":"infernoset:crossbow_firework"},{"type":"single","resource":"thunderboltset:scythe"},{"type":"single","resource":"thunderboltset:shield"},{"type":"single","resource":"littleduckset:fishing_rod_cast"},{"type":"single","resource":"gendrops:11_villager"},{"type":"single","resource":"hats:hat/amongus_red"},{"type":"single","resource":"thunderboltset:sword"},{"type":"single","resource":"discordnitroset:crossbow"},{"type":"single","resource":"thunderboltset:chest"},{"type":"single","resource":"littlecatset:shield"},{"type":"single","resource":"discordnitroset:armor/discordnitro_leggings_icon"},{"type":"single","resource":"pepetags:items/peperifle"},{"type":"single","resource":"pepetags:items/pepeuwu"},{"type":"single","resource":"gendrops:15_skeleton"},{"type":"single","resource":"thunderboltset:bow_1"},{"type":"single","resource":"pepetags:items/pepepissed"},{"type":"single","resource":"thunderboltset:bow_2"},{"type":"single","resource":"gendrops:18_slime"},{"type":"single","resource":"nexusset:shovel"},{"type":"single","resource":"discordnitroset:animations/nitro_gems"},{"type":"single","resource":"thunderboltset:hoe"},{"type":"single","resource":"littleduckset:frag"},{"type":"single","resource":"thunderboltset:spear"},{"type":"single","resource":"gendrops:3_sheep"},{"type":"single","resource":"nexusset:armor/nexus_boots_icon"},{"type":"single","resource":"littleduckset:pickaxe"},{"type":"single","resource":"littlecatset:pickaxe"},{"type":"single","resource":"hats:hat/amongus_white"},{"type":"single","resource":"littledragonset:greatsword"},{"type":"single","resource":"yoda:plushies/nm_plushie_baby_yoga_texture"},{"type":"single","resource":"customitems:items/lostgolempoppy"},{"type":"single","resource":"littleduckset:hammer"},{"type":"single","resource":"discordnitroset:chest"},{"type":"single","resource":"nexusset:staff"},{"type":"single","resource":"discordnitroset:spear"},{"type":"single","resource":"gendrops:21_piglin"},{"type":"single","resource":"thunderboltset:key"},{"type":"single","resource":"discordnitroset:bow_2"},{"type":"single","resource":"gendrops:24_dragon"},{"type":"single","resource":"discordnitroset:bow_1"},{"type":"single","resource":"littlecatset:staff"},{"type":"single","resource":"infernoset:pickaxe"},{"type":"single","resource":"badges:prestige/5"},{"type":"single","resource":"littleduckset:bow"},{"type":"single","resource":"customitems:items/spliff"},{"type":"single","resource":"nexusset:animations/animations_nexus"},{"type":"single","resource":"infernoset:crossbow_2"},{"type":"single","resource":"littledragonset:armor/littledragon_chestplate_icon"},{"type":"single","resource":"discordnitroset:axe"},{"type":"single","resource":"infernoset:crossbow_1"},{"type":"single","resource":"discordnitroset:sword"},{"type":"single","resource":"thunderboltset:fishing_rod_cast"},{"type":"single","resource":"discordnitroset:wings"},{"type":"single","resource":"badges:prestige/1"},{"type":"single","resource":"nexusset:greatsword"},{"type":"single","resource":"hoes:bs_energy_blade_saber_red_texture"},{"type":"single","resource":"thunderboltset:fishing_rod"},{"type":"single","resource":"pepetags:items/pepethink"},{"type":"single","resource":"discordnitroset:animations/animations_1"},{"type":"single","resource":"discordnitroset:scythe"},{"type":"single","resource":"discordnitroset:shield"},{"type":"single","resource":"nexusset:key"},{"type":"single","resource":"littleduckset:crossbow_2"},{"type":"single","resource":"nexusset:trident"},{"type":"single","resource":"infernoset:axe"},{"type":"single","resource":"littlecatset:crossbow"},{"type":"single","resource":"littleduckset:crossbow_1"},{"type":"single","resource":"discordnitroset:helmet"},{"type":"single","resource":"gendrops:9_fox"},{"type":"single","resource":"hats:hat/amongus_green"},{"type":"single","resource":"infernoset:staff"},{"type":"single","resource":"gendrops:2_cow"},{"type":"single","resource":"hoes:bs_energy_blade_saber_blue_texture"},{"type":"single","resource":"nexusset:crossbow"},{"type":"single","resource":"gendrops:22_shulker"},{"type":"single","resource":"littlecatset:axe"},{"type":"single","resource":"_iainternal:icons/icon_search"},{"type":"single","resource":"nexusset:hoe"},{"type":"single","resource":"yoda:plushies/nm_plushie_pp-8_texture"},{"type":"single","resource":"infernoset:shovel"},{"type":"single","resource":"pepetags:items/pepederp"},{"type":"single","resource":"nexusset:fishing_rod"},{"type":"single","resource":"pepetags:items/pepesadge"},{"type":"single","resource":"littledragonset:little_dragon"},{"type":"single","resource":"hoes:bs_energy_blade_saber_black_texture"},{"type":"single","resource":"littlecatset:flag"},{"type":"single","resource":"nexusset:pickaxe"},{"type":"single","resource":"gendrops:12_golem"},{"type":"single","resource":"pepetags:items/pepewalltalk"},{"type":"single","resource":"pepetags:items/pepeblazed"},{"type":"single","resource":"littledragonset:bow"},{"type":"single","resource":"discordnitroset:pickaxe"},{"type":"single","resource":"hoes:bs_energy_blade_texture"},{"type":"single","resource":"pepetags:items/pepeshy"},{"type":"single","resource":"infernoset:trident"},{"type":"single","resource":"badges:prestige/30"},{"type":"single","resource":"infernoset:bow"},{"type":"single","resource":"discordnitroset:shovel"},{"type":"single","resource":"thunderboltset:pickaxe"},{"type":"single","resource":"littlecatset:shovel"},{"type":"single","resource":"littleduckset:littleduck"},{"type":"single","resource":"_iainternal:icons/icon_left_blue"},{"type":"single","resource":"gendrops:23_enderman"},{"type":"single","resource":"littledragonset:crossbow_firework"},{"type":"single","resource":"hats:hat/amongus_gray"},{"type":"single","resource":"badges:prestige/20"},{"type":"single","resource":"pepetags:items/pepepenis"},{"type":"single","resource":"gendrops:50_axolotl"},{"type":"single","resource":"pepetags:items/pepegiggle"},{"type":"single","resource":"littledragonset:wings"},{"type":"single","resource":"yoda:plushies/nm_plushie_ashley_tan_texture"},{"type":"single","resource":"littledragonset:armor/littledragon_leggings_icon"},{"type":"single","resource":"hats:hat/amongus_blue"},{"type":"single","resource":"hoes:iron3"},{"type":"single","resource":"hoes:wood3"},{"type":"single","resource":"hoes:iron2"},{"type":"single","resource":"hoes:iron1"},{"type":"single","resource":"hoes:wood2"},{"type":"single","resource":"hoes:wood1"},{"type":"single","resource":"pepetags:items/pepefuckyou"},{"type":"single","resource":"infernoset:shield"},{"type":"single","resource":"pepetags:items/pepesheesh"},{"type":"single","resource":"thunderboltset:shovel"},{"type":"single","resource":"badges:prestige/40"},{"type":"single","resource":"littlecatset:headset"},{"type":"single","resource":"pepetags:items/pepemining"},{"type":"single","resource":"littlecatset:fishing_rod"},{"type":"single","resource":"gendrops:7_wolf"},{"type":"single","resource":"littledragonset:flag"},{"type":"single","resource":"pepetags:items/pepenerd"},{"type":"single","resource":"yoda:plushies/nm_plushie_mike_window_texture"},{"type":"single","resource":"pepetags:items/pepesip"},{"type":"single","resource":"littleduckset:staff"},{"type":"single","resource":"gendrops:16_spider"},{"type":"single","resource":"thunderboltset:wings"},{"type":"single","resource":"littledragonset:bow_2"},{"type":"single","resource":"littledragonset:animations/animations_flame_03"},{"type":"single","resource":"littledragonset:bow_1"},{"type":"single","resource":"littledragonset:animations/animations_flame_04"},{"type":"single","resource":"nexusset:helmet"},{"type":"single","resource":"littledragonset:animations/animations_flame_05"},{"type":"single","resource":"littlecatset:backpack"},{"type":"single","resource":"littlecatset:crossbow_1"},{"type":"single","resource":"hoes:bs_energy_blade_saber_green_texture"},{"type":"single","resource":"littlecatset:crossbow_2"},{"type":"single","resource":"littledragonset:shovel"},{"type":"single","resource":"thunderboltset:axe"},{"type":"single","resource":"gendrops:6_pufferfish"},{"type":"single","resource":"littledragonset:sword"},{"type":"single","resource":"gendrops:50_warden"},{"type":"single","resource":"thunderboltset:armor/thunderbolt_chestplate_icon"},{"type":"single","resource":"gendrops:8_ocelot"},{"type":"single","resource":"hoes:diamond1"},{"type":"single","resource":"hoes:diamond2"},{"type":"single","resource":"hoes:diamond3"},{"type":"single","resource":"yoda:plushies/nm_plushie_blah_blah_texture"},{"type":"single","resource":"discordnitroset:key"},{"type":"single","resource":"hoes:bs_energy_blade_saber_white_texture"},{"type":"single","resource":"hats:hat/gfx_shark_hat"},{"type":"single","resource":"hats:hat/blockandballs"},{"type":"single","resource":"discordnitroset:armor/discordnitro_chestplate_icon"},{"type":"single","resource":"littledragonset:animations/animations_flame_01"},{"type":"single","resource":"littledragonset:animations/animations_flame_02"},{"type":"single","resource":"hoes:stone1"},{"type":"single","resource":"badges:prestige/10"},{"type":"single","resource":"yoda:plushies/nm_plushie_phoebe_texture"},{"type":"single","resource":"gendrops:4_chicken"},{"type":"single","resource":"hoes:stone3"},{"type":"single","resource":"littledragonset:hoe"},{"type":"single","resource":"gendrops:5_squid"},{"type":"single","resource":"hoes:stone2"},{"type":"single","resource":"nexusset:armor/nexus_helmet_icon"},{"type":"single","resource":"nexusset:bow"},{"type":"single","resource":"thunderboltset:armor/thunderbolt_boots_icon"},{"type":"single","resource":"thunderboltset:armor/thunderbolt_leggings_icon"},{"type":"single","resource":"littledragonset:spear"},{"type":"single","resource":"thunderboltset:animation_1"},{"type":"single","resource":"pepetags:items/pepetrollface"},{"type":"single","resource":"nexusset:chest"},{"type":"single","resource":"thunderboltset:animation_3"},{"type":"single","resource":"thunderboltset:animation_2"},{"type":"single","resource":"infernoset:knife"},{"type":"single","resource":"nexusset:bow_1"},{"type":"single","resource":"nexusset:bow_2"},{"type":"single","resource":"discordnitroset:hoe"},{"type":"single","resource":"littlecatset:fishing_rod_cast"},{"type":"single","resource":"littledragonset:crossbow_1"},{"type":"single","resource":"infernoset:animations/animations_3"},{"type":"single","resource":"littledragonset:crossbow_2"},{"type":"single","resource":"infernoset:animations/animations_4"},{"type":"single","resource":"badges:prestige/70"},{"type":"single","resource":"thunderboltset:staff"},{"type":"single","resource":"infernoset:animations/animations_2"},{"type":"single","resource":"thunderboltset:animation_4"},{"type":"single","resource":"discordnitroset:fishing_rod_cast"},{"type":"single","resource":"littledragonset:animations/animations_wings"},{"type":"single","resource":"hoes:gold3"},{"type":"single","resource":"infernoset:armor/inferno_helmet_icon"},{"type":"single","resource":"infernoset:key"},{"type":"single","resource":"hoes:gold1"},{"type":"single","resource":"nexusset:spear"},{"type":"single","resource":"hoes:gold2"},{"type":"single","resource":"nexusset:crossbow_2"},{"type":"single","resource":"discordnitroset:staff"},{"type":"single","resource":"littledragonset:key"},{"type":"single","resource":"nexusset:crossbow_1"},{"type":"single","resource":"littleduckset:backpack"},{"type":"single","resource":"gendrops:50_wither"},{"type":"single","resource":"infernoset:fishing_rod"},{"type":"single","resource":"littleduckset:fishing_rod"},{"type":"single","resource":"littledragonset:armor/littledragon_helmet_icon"},{"type":"single","resource":"pepetags:items/pepeking"},{"type":"single","resource":"discordnitroset:armor/discordnitro_helmet_icon"},{"type":"single","resource":"littledragonset:shield"},{"type":"single","resource":"discordnitroset:trident"},{"type":"single","resource":"_iainternal:icons/question_mark"},{"type":"single","resource":"thunderboltset:hammer"},{"type":"single","resource":"discordnitroset:fishing_rod"},{"type":"single","resource":"yoda:plushies/nm_plushie_pedro_texture"},{"type":"single","resource":"littlecatset:bow"},{"type":"single","resource":"littledragonset:helmet"},{"type":"single","resource":"littlecatset:spear"},{"type":"single","resource":"badges:prestige/80"},{"type":"single","resource":"discordnitroset:armor/discordnitro_boots_icon"},{"type":"single","resource":"discordnitroset:greatsword"},{"type":"single","resource":"gendrops:20_blaze"},{"type":"single","resource":"littlecatset:animations/animations_2"},{"type":"single","resource":"nexusset:shield"},{"type":"single","resource":"littlecatset:animations/animations_1"},{"type":"single","resource":"nexusset:axe"},{"type":"single","resource":"infernoset:scythe"},{"type":"single","resource":"littledragonset:armor/littledragon_boots_icon"},{"type":"single","resource":"infernoset:armor/inferno_leggings_icon"},{"type":"single","resource":"littleduckset:crossbow"},{"type":"single","resource":"badges:prestige/100"},{"type":"single","resource":"infernoset:armor/inferno_chestplate_icon"},{"type":"single","resource":"littledragonset:crossbow"},{"type":"single","resource":"littleduckset:bow_1"},{"type":"single","resource":"pepetags:items/pepedab"},{"type":"single","resource":"littledragonset:chest"},{"type":"single","resource":"gendrops:10_bat"},{"type":"single","resource":"littleduckset:bow_2"},{"type":"single","resource":"customitems:items/bud"},{"type":"single","resource":"nexusset:scythe"},{"type":"single","resource":"littlecatset:sword"},{"type":"single","resource":"badges:prestige/50"},{"type":"single","resource":"littledragonset:trident"},{"type":"single","resource":"hoes:bs_energy_blade_saber_gray-white_texture"},{"type":"single","resource":"hoes:netherite"},{"type":"single","resource":"infernoset:chest"},{"type":"single","resource":"infernoset:helmet"},{"type":"single","resource":"discordnitroset:crossbow_2"},{"type":"single","resource":"littleduckset:shovel"},{"type":"single","resource":"discordnitroset:crossbow_1"},{"type":"single","resource":"littleduckset:hood"},{"type":"single","resource":"_iainternal:icons/icon_back_orange"},{"type":"single","resource":"littleduckset:sword"},{"type":"single","resource":"littlecatset:bow_1"},{"type":"single","resource":"infernoset:spear"},{"type":"single","resource":"littlecatset:bow_2"},{"type":"single","resource":"infernoset:fishing_rod_cast"},{"type":"single","resource":"infernoset:hammer"},{"type":"single","resource":"littleduckset:axe"},{"type":"single","resource":"infernoset:sword"},{"type":"single","resource":"nexusset:animations/animations_bolt"},{"type":"single","resource":"nexusset:armor/nexus_leggings_icon"},{"type":"single","resource":"_iainternal:icons/icon_right_blue"},{"type":"single","resource":"infernoset:bow_1"},{"type":"single","resource":"badges:prestige/60"},{"type":"single","resource":"infernoset:bow_2"},{"type":"single","resource":"littlecatset:tail"},{"type":"single","resource":"littlecatset:chest"},{"type":"single","resource":"discordnitroset:bow"},{"type":"single","resource":"littledragonset:backpack"},{"type":"single","resource":"nexusset:sword"},{"type":"single","resource":"pepetags:items/pepepeace"},{"type":"single","resource":"littledragonset:fishing_rod"},{"type":"single","resource":"nexusset:wings"},{"type":"single","resource":"littledragonset:pickaxe"},{"type":"single","resource":"littleduckset:chest"},{"type":"single","resource":"pepetags:items/pepecringe"},{"type":"single","resource":"infernoset:hoe"},{"type":"single","resource":"gendrops:17_creeper"},{"type":"single","resource":"pepetags:items/pepebored"},{"type":"single","resource":"hats:hat/amongus_orange"}]}